countSecured,Time,Demand Weight To Risk,Phase2,Demand,Risk,8,9,19,15,40,11,39,25,17,41,28,20,12,6,24,35,3,7,2
1,0.10910463333129883,0.2835033578881324,0.0,308.3299999999999,122.0,1,1,1,1,1,1,1,1,1,1,1,1,1,1,1,1,1,1,1
2,0.2843914031982422,0.2835033578881324,0.7164966421118635,308.3299999999999,121.0,1,1,1,1,1,1,1,1,1,1,1,1,1,1,1,1,1,0,1
3,0.44229698181152344,0.2835033578881324,0.7164966421118635,308.3299999999999,121.0,1,1,1,1,1,1,1,1,1,1,1,1,1,1,1,1,0,1,1
4,0.6258959770202637,0.2835033578881324,1.432993284223727,308.3299999999999,120.0,1,1,1,1,1,1,1,1,1,1,1,1,1,1,1,1,0,0,1
5,0.9779462814331055,0.2835033578881324,0.7164966421118635,308.3299999999999,121.0,1,1,1,1,1,1,1,1,1,1,1,1,1,0,1,1,1,1,1
6,1.1457226276397705,0.2835033578881324,1.432993284223727,308.3299999999999,120.0,1,1,1,1,1,1,1,1,1,1,1,1,1,0,1,1,1,0,1
7,1.3789215087890625,0.2835033578881324,1.432993284223727,308.3299999999999,120.0,1,1,1,1,1,1,1,1,1,1,1,1,1,0,1,1,0,1,1
8,1.5433266162872314,0.2835033578881324,2.1494899263356047,308.3299999999999,119.0,1,1,1,1,1,1,1,1,1,1,1,1,1,0,1,1,0,0,1
9,1.9601750373840332,0.2835033578881324,0.7164966421118635,308.3299999999999,121.0,1,1,1,1,1,1,1,1,1,1,1,1,0,1,1,1,1,1,1
10,2.1594550609588623,0.2835033578881324,1.432993284223727,308.3299999999999,120.0,1,1,1,1,1,1,1,1,1,1,1,1,0,1,1,1,1,0,1
11,2.360187292098999,0.2835033578881324,1.432993284223727,308.3299999999999,120.0,1,1,1,1,1,1,1,1,1,1,1,1,0,1,1,1,0,1,1
12,2.5596742630004883,0.2835033578881324,2.1494899263356047,308.3299999999999,119.0,1,1,1,1,1,1,1,1,1,1,1,1,0,1,1,1,0,0,1
13,2.927461624145508,0.2835033578881324,1.432993284223727,308.3299999999999,120.0,1,1,1,1,1,1,1,1,1,1,1,1,0,0,1,1,1,1,1
14,3.1144564151763916,0.2835033578881324,2.1494899263356047,308.3299999999999,119.0,1,1,1,1,1,1,1,1,1,1,1,1,0,0,1,1,1,0,1
15,3.2934658527374268,0.2835033578881324,2.1494899263356047,308.3299999999999,119.0,1,1,1,1,1,1,1,1,1,1,1,1,0,0,1,1,0,1,1
16,3.4436702728271484,0.2835033578881324,2.865986568447468,308.3299999999999,118.0,1,1,1,1,1,1,1,1,1,1,1,1,0,0,1,1,0,0,1
17,3.7948739528656006,0.2835033578881324,0.7164966421118635,308.3299999999999,121.0,1,1,1,1,1,1,1,1,1,1,1,0,1,1,1,1,1,1,1
18,3.9605982303619385,0.2835033578881324,1.432993284223727,308.3299999999999,120.0,1,1,1,1,1,1,1,1,1,1,1,0,1,1,1,1,1,0,1
19,4.149518251419067,0.2835033578881324,1.432993284223727,308.3299999999999,120.0,1,1,1,1,1,1,1,1,1,1,1,0,1,1,1,1,0,1,1
20,4.314441680908203,0.2835033578881324,2.1494899263356047,308.3299999999999,119.0,1,1,1,1,1,1,1,1,1,1,1,0,1,1,1,1,0,0,1
21,4.694350719451904,0.2835033578881324,1.432993284223727,308.3299999999999,120.0,1,1,1,1,1,1,1,1,1,1,1,0,1,0,1,1,1,1,1
22,4.862578392028809,0.2835033578881324,2.1494899263356047,308.3299999999999,119.0,1,1,1,1,1,1,1,1,1,1,1,0,1,0,1,1,1,0,1
23,5.044430732727051,0.2835033578881324,2.1494899263356047,308.3299999999999,119.0,1,1,1,1,1,1,1,1,1,1,1,0,1,0,1,1,0,1,1
24,5.195240020751953,0.2835033578881324,2.865986568447468,308.3299999999999,118.0,1,1,1,1,1,1,1,1,1,1,1,0,1,0,1,1,0,0,1
25,5.562495470046997,0.2835033578881324,1.432993284223727,308.3299999999999,120.0,1,1,1,1,1,1,1,1,1,1,1,0,0,1,1,1,1,1,1
26,5.7237489223480225,0.2835033578881324,2.1494899263356047,308.3299999999999,119.0,1,1,1,1,1,1,1,1,1,1,1,0,0,1,1,1,1,0,1
27,5.91149115562439,0.2835033578881324,2.1494899263356047,308.3299999999999,119.0,1,1,1,1,1,1,1,1,1,1,1,0,0,1,1,1,0,1,1
28,6.094272613525391,0.2835033578881324,2.865986568447468,308.3299999999999,118.0,1,1,1,1,1,1,1,1,1,1,1,0,0,1,1,1,0,0,1
29,6.476044654846191,0.2835033578881324,2.1494899263356047,308.3299999999999,119.0,1,1,1,1,1,1,1,1,1,1,1,0,0,0,1,1,1,1,1
30,6.683026552200317,0.2835033578881324,2.865986568447468,308.3299999999999,118.0,1,1,1,1,1,1,1,1,1,1,1,0,0,0,1,1,1,0,1
31,6.8459086418151855,0.2835033578881324,2.865986568447468,308.3299999999999,118.0,1,1,1,1,1,1,1,1,1,1,1,0,0,0,1,1,0,1,1
32,7.029011011123657,0.2835033578881324,3.5824832105593316,308.3299999999999,117.0,1,1,1,1,1,1,1,1,1,1,1,0,0,0,1,1,0,0,1
33,7.397518634796143,0.2835033578881324,0.7164966421118635,308.3299999999999,121.0,1,1,1,1,1,1,1,1,1,1,0,1,1,1,1,1,1,1,1
34,7.5793609619140625,0.2835033578881324,1.432993284223727,308.3299999999999,120.0,1,1,1,1,1,1,1,1,1,1,0,1,1,1,1,1,1,0,1
35,7.761807918548584,0.2835033578881324,1.432993284223727,308.3299999999999,120.0,1,1,1,1,1,1,1,1,1,1,0,1,1,1,1,1,0,1,1
36,7.9349071979522705,0.2835033578881324,2.1494899263356047,308.3299999999999,119.0,1,1,1,1,1,1,1,1,1,1,0,1,1,1,1,1,0,0,1
37,8.317792415618896,0.2835033578881324,1.432993284223727,308.3299999999999,120.0,1,1,1,1,1,1,1,1,1,1,0,1,1,0,1,1,1,1,1
38,8.500953674316406,0.2835033578881324,2.1494899263356047,308.3299999999999,119.0,1,1,1,1,1,1,1,1,1,1,0,1,1,0,1,1,1,0,1
39,8.692312479019165,0.2835033578881324,2.1494899263356047,308.3299999999999,119.0,1,1,1,1,1,1,1,1,1,1,0,1,1,0,1,1,0,1,1
40,8.915585279464722,0.2835033578881324,2.865986568447468,308.3299999999999,118.0,1,1,1,1,1,1,1,1,1,1,0,1,1,0,1,1,0,0,1
41,9.246261358261108,0.2835033578881324,1.432993284223727,308.3299999999999,120.0,1,1,1,1,1,1,1,1,1,1,0,1,0,1,1,1,1,1,1
42,9.41701340675354,0.2835033578881324,2.1494899263356047,308.3299999999999,119.0,1,1,1,1,1,1,1,1,1,1,0,1,0,1,1,1,1,0,1
43,9.58127760887146,0.2835033578881324,2.1494899263356047,308.3299999999999,119.0,1,1,1,1,1,1,1,1,1,1,0,1,0,1,1,1,0,1,1
44,9.763182640075684,0.2835033578881324,2.865986568447468,308.3299999999999,118.0,1,1,1,1,1,1,1,1,1,1,0,1,0,1,1,1,0,0,1
45,10.132136344909668,0.2835033578881324,2.1494899263356047,308.3299999999999,119.0,1,1,1,1,1,1,1,1,1,1,0,1,0,0,1,1,1,1,1
46,10.299495935440063,0.2835033578881324,2.865986568447468,308.3299999999999,118.0,1,1,1,1,1,1,1,1,1,1,0,1,0,0,1,1,1,0,1
47,10.479547023773193,0.2835033578881324,2.865986568447468,308.3299999999999,118.0,1,1,1,1,1,1,1,1,1,1,0,1,0,0,1,1,0,1,1
48,10.633864164352417,0.2835033578881324,3.5824832105593316,308.3299999999999,117.0,1,1,1,1,1,1,1,1,1,1,0,1,0,0,1,1,0,0,1
49,10.996617317199707,0.2835033578881324,1.432993284223727,308.3299999999999,120.0,1,1,1,1,1,1,1,1,1,1,0,0,1,1,1,1,1,1,1
50,11.184080362319946,0.2835033578881324,2.1494899263356047,308.3299999999999,119.0,1,1,1,1,1,1,1,1,1,1,0,0,1,1,1,1,1,0,1
51,11.36307430267334,0.2835033578881324,2.1494899263356047,308.3299999999999,119.0,1,1,1,1,1,1,1,1,1,1,0,0,1,1,1,1,0,1,1
52,11.531937837600708,0.2835033578881324,2.865986568447468,308.3299999999999,118.0,1,1,1,1,1,1,1,1,1,1,0,0,1,1,1,1,0,0,1
53,11.91683578491211,0.2835033578881324,2.1494899263356047,308.3299999999999,119.0,1,1,1,1,1,1,1,1,1,1,0,0,1,0,1,1,1,1,1
54,12.080641984939575,0.2835033578881324,2.865986568447468,308.3299999999999,118.0,1,1,1,1,1,1,1,1,1,1,0,0,1,0,1,1,1,0,1
55,12.247422218322754,0.2835033578881324,2.865986568447468,308.3299999999999,118.0,1,1,1,1,1,1,1,1,1,1,0,0,1,0,1,1,0,1,1
56,12.407275676727295,0.2835033578881324,3.5824832105593316,308.3299999999999,117.0,1,1,1,1,1,1,1,1,1,1,0,0,1,0,1,1,0,0,1
57,12.754446744918823,0.2835033578881324,2.1494899263356047,308.3299999999999,119.0,1,1,1,1,1,1,1,1,1,1,0,0,0,1,1,1,1,1,1
58,12.937094688415527,0.2835033578881324,2.865986568447468,308.3299999999999,118.0,1,1,1,1,1,1,1,1,1,1,0,0,0,1,1,1,1,0,1
59,13.138515710830688,0.2835033578881324,2.865986568447468,308.3299999999999,118.0,1,1,1,1,1,1,1,1,1,1,0,0,0,1,1,1,0,1,1
60,13.340257406234741,0.2835033578881324,3.5824832105593316,308.3299999999999,117.0,1,1,1,1,1,1,1,1,1,1,0,0,0,1,1,1,0,0,1
61,13.736098527908325,0.2835033578881324,2.865986568447468,308.3299999999999,118.0,1,1,1,1,1,1,1,1,1,1,0,0,0,0,1,1,1,1,1
62,13.953402042388916,0.2835033578881324,3.5824832105593316,308.3299999999999,117.0,1,1,1,1,1,1,1,1,1,1,0,0,0,0,1,1,1,0,1
63,14.120770931243896,0.2835033578881324,3.5824832105593316,308.3299999999999,117.0,1,1,1,1,1,1,1,1,1,1,0,0,0,0,1,1,0,1,1
64,14.304744243621826,0.2835033578881324,4.298979852671195,308.3299999999999,116.0,1,1,1,1,1,1,1,1,1,1,0,0,0,0,1,1,0,0,1
65,14.653990507125854,0.2835033578881324,0.7164966421118635,308.3299999999999,121.0,1,1,1,1,1,1,1,1,1,0,1,1,1,1,1,1,1,1,1
66,14.871747732162476,0.2835033578881324,1.432993284223727,308.3299999999999,120.0,1,1,1,1,1,1,1,1,1,0,1,1,1,1,1,1,1,0,1
67,15.111682653427124,0.2835033578881324,1.432993284223727,308.3299999999999,120.0,1,1,1,1,1,1,1,1,1,0,1,1,1,1,1,1,0,1,1
68,15.318003416061401,0.2835033578881324,2.1494899263356047,308.3299999999999,119.0,1,1,1,1,1,1,1,1,1,0,1,1,1,1,1,1,0,0,1
69,15.669157266616821,0.2835033578881324,1.432993284223727,308.3299999999999,120.0,1,1,1,1,1,1,1,1,1,0,1,1,1,0,1,1,1,1,1
70,15.883567094802856,0.2835033578881324,2.1494899263356047,308.3299999999999,119.0,1,1,1,1,1,1,1,1,1,0,1,1,1,0,1,1,1,0,1
71,16.238502502441406,0.2835033578881324,2.1494899263356047,308.3299999999999,119.0,1,1,1,1,1,1,1,1,1,0,1,1,1,0,1,1,0,1,1
72,16.485559225082397,0.2835033578881324,2.865986568447468,308.3299999999999,118.0,1,1,1,1,1,1,1,1,1,0,1,1,1,0,1,1,0,0,1
73,16.85243797302246,0.2835033578881324,1.432993284223727,308.3299999999999,120.0,1,1,1,1,1,1,1,1,1,0,1,1,0,1,1,1,1,1,1
74,17.055267810821533,0.2835033578881324,2.1494899263356047,308.3299999999999,119.0,1,1,1,1,1,1,1,1,1,0,1,1,0,1,1,1,1,0,1
75,17.250152587890625,0.2835033578881324,2.1494899263356047,308.3299999999999,119.0,1,1,1,1,1,1,1,1,1,0,1,1,0,1,1,1,0,1,1
76,17.436378717422485,0.2835033578881324,2.865986568447468,308.3299999999999,118.0,1,1,1,1,1,1,1,1,1,0,1,1,0,1,1,1,0,0,1
77,17.786924839019775,0.2835033578881324,2.1494899263356047,308.3299999999999,119.0,1,1,1,1,1,1,1,1,1,0,1,1,0,0,1,1,1,1,1
78,17.943217992782593,0.2835033578881324,2.865986568447468,308.3299999999999,118.0,1,1,1,1,1,1,1,1,1,0,1,1,0,0,1,1,1,0,1
79,18.130635261535645,0.2835033578881324,2.865986568447468,308.3299999999999,118.0,1,1,1,1,1,1,1,1,1,0,1,1,0,0,1,1,0,1,1
80,18.270872354507446,0.2835033578881324,3.5824832105593316,308.3299999999999,117.0,1,1,1,1,1,1,1,1,1,0,1,1,0,0,1,1,0,0,1
81,18.612293481826782,0.2835033578881324,1.432993284223727,308.3299999999999,120.0,1,1,1,1,1,1,1,1,1,0,1,0,1,1,1,1,1,1,1
82,18.789718866348267,0.2835033578881324,2.1494899263356047,308.3299999999999,119.0,1,1,1,1,1,1,1,1,1,0,1,0,1,1,1,1,1,0,1
83,18.95379328727722,0.2835033578881324,2.1494899263356047,308.3299999999999,119.0,1,1,1,1,1,1,1,1,1,0,1,0,1,1,1,1,0,1,1
84,19.119019269943237,0.2835033578881324,2.865986568447468,308.3299999999999,118.0,1,1,1,1,1,1,1,1,1,0,1,0,1,1,1,1,0,0,1
85,19.42471218109131,0.2835033578881324,2.1494899263356047,308.3299999999999,119.0,1,1,1,1,1,1,1,1,1,0,1,0,1,0,1,1,1,1,1
86,19.586021423339844,0.2835033578881324,2.865986568447468,308.3299999999999,118.0,1,1,1,1,1,1,1,1,1,0,1,0,1,0,1,1,1,0,1
87,19.75437045097351,0.2835033578881324,2.865986568447468,308.3299999999999,118.0,1,1,1,1,1,1,1,1,1,0,1,0,1,0,1,1,0,1,1
88,19.91038417816162,0.2835033578881324,3.5824832105593316,308.3299999999999,117.0,1,1,1,1,1,1,1,1,1,0,1,0,1,0,1,1,0,0,1
89,20.210542917251587,0.2835033578881324,2.1494899263356047,308.3299999999999,119.0,1,1,1,1,1,1,1,1,1,0,1,0,0,1,1,1,1,1,1
90,20.398622512817383,0.2835033578881324,2.865986568447468,308.3299999999999,118.0,1,1,1,1,1,1,1,1,1,0,1,0,0,1,1,1,1,0,1
91,20.585660219192505,0.2835033578881324,2.865986568447468,308.3299999999999,118.0,1,1,1,1,1,1,1,1,1,0,1,0,0,1,1,1,0,1,1
92,20.75029969215393,0.2835033578881324,3.5824832105593316,308.3299999999999,117.0,1,1,1,1,1,1,1,1,1,0,1,0,0,1,1,1,0,0,1
93,21.038339853286743,0.2835033578881324,2.865986568447468,308.3299999999999,118.0,1,1,1,1,1,1,1,1,1,0,1,0,0,0,1,1,1,1,1
94,21.23507285118103,0.2835033578881324,3.5824832105593316,308.3299999999999,117.0,1,1,1,1,1,1,1,1,1,0,1,0,0,0,1,1,1,0,1
95,21.404120445251465,0.2835033578881324,3.5824832105593316,308.3299999999999,117.0,1,1,1,1,1,1,1,1,1,0,1,0,0,0,1,1,0,1,1
96,21.572256088256836,0.2835033578881324,4.298979852671195,308.3299999999999,116.0,1,1,1,1,1,1,1,1,1,0,1,0,0,0,1,1,0,0,1
97,21.88895893096924,0.2835033578881324,1.432993284223727,308.3299999999999,120.0,1,1,1,1,1,1,1,1,1,0,0,1,1,1,1,1,1,1,1
98,22.041220903396606,0.2835033578881324,2.1494899263356047,308.3299999999999,119.0,1,1,1,1,1,1,1,1,1,0,0,1,1,1,1,1,1,0,1
99,22.202161073684692,0.2835033578881324,2.1494899263356047,308.3299999999999,119.0,1,1,1,1,1,1,1,1,1,0,0,1,1,1,1,1,0,1,1
100,22.37615394592285,0.2835033578881324,2.865986568447468,308.3299999999999,118.0,1,1,1,1,1,1,1,1,1,0,0,1,1,1,1,1,0,0,1
101,22.66990089416504,0.2835033578881324,2.1494899263356047,308.3299999999999,119.0,1,1,1,1,1,1,1,1,1,0,0,1,1,0,1,1,1,1,1
102,22.83669137954712,0.2835033578881324,2.865986568447468,308.3299999999999,118.0,1,1,1,1,1,1,1,1,1,0,0,1,1,0,1,1,1,0,1
103,23.017282247543335,0.2835033578881324,2.865986568447468,308.3299999999999,118.0,1,1,1,1,1,1,1,1,1,0,0,1,1,0,1,1,0,1,1
104,23.169727563858032,0.2835033578881324,3.5824832105593316,308.3299999999999,117.0,1,1,1,1,1,1,1,1,1,0,0,1,1,0,1,1,0,0,1
105,23.456899642944336,0.2835033578881324,2.1494899263356047,308.3299999999999,119.0,1,1,1,1,1,1,1,1,1,0,0,1,0,1,1,1,1,1,1
106,23.64404821395874,0.2835033578881324,2.865986568447468,308.3299999999999,118.0,1,1,1,1,1,1,1,1,1,0,0,1,0,1,1,1,1,0,1
107,23.82541561126709,0.2835033578881324,2.865986568447468,308.3299999999999,118.0,1,1,1,1,1,1,1,1,1,0,0,1,0,1,1,1,0,1,1
108,24.008793592453003,0.2835033578881324,3.5824832105593316,308.3299999999999,117.0,1,1,1,1,1,1,1,1,1,0,0,1,0,1,1,1,0,0,1
109,24.327918767929077,0.2835033578881324,2.865986568447468,308.3299999999999,118.0,1,1,1,1,1,1,1,1,1,0,0,1,0,0,1,1,1,1,1
110,24.513131380081177,0.2835033578881324,3.5824832105593316,308.3299999999999,117.0,1,1,1,1,1,1,1,1,1,0,0,1,0,0,1,1,1,0,1
111,24.69222927093506,0.2835033578881324,3.5824832105593316,308.3299999999999,117.0,1,1,1,1,1,1,1,1,1,0,0,1,0,0,1,1,0,1,1
112,24.868671655654907,0.2835033578881324,4.298979852671195,308.3299999999999,116.0,1,1,1,1,1,1,1,1,1,0,0,1,0,0,1,1,0,0,1
113,25.176911115646362,0.2835033578881324,2.1494899263356047,308.3299999999999,119.0,1,1,1,1,1,1,1,1,1,0,0,0,1,1,1,1,1,1,1
114,25.360685110092163,0.2835033578881324,2.865986568447468,308.3299999999999,118.0,1,1,1,1,1,1,1,1,1,0,0,0,1,1,1,1,1,0,1
115,25.600943326950073,0.2835033578881324,2.865986568447468,308.3299999999999,118.0,1,1,1,1,1,1,1,1,1,0,0,0,1,1,1,1,0,1,1
116,25.917019367218018,0.2835033578881324,3.5824832105593316,308.3299999999999,117.0,1,1,1,1,1,1,1,1,1,0,0,0,1,1,1,1,0,0,1
117,26.56843876838684,0.2835033578881324,2.865986568447468,308.3299999999999,118.0,1,1,1,1,1,1,1,1,1,0,0,0,1,0,1,1,1,1,1
118,26.762643337249756,0.2835033578881324,3.5824832105593316,308.3299999999999,117.0,1,1,1,1,1,1,1,1,1,0,0,0,1,0,1,1,1,0,1
119,26.96291446685791,0.2835033578881324,3.5824832105593316,308.3299999999999,117.0,1,1,1,1,1,1,1,1,1,0,0,0,1,0,1,1,0,1,1
120,27.14319944381714,0.2835033578881324,4.298979852671195,308.3299999999999,116.0,1,1,1,1,1,1,1,1,1,0,0,0,1,0,1,1,0,0,1
121,27.463078498840332,0.2835033578881324,2.865986568447468,308.3299999999999,118.0,1,1,1,1,1,1,1,1,1,0,0,0,0,1,1,1,1,1,1
122,27.64283847808838,0.2835033578881324,3.5824832105593316,308.3299999999999,117.0,1,1,1,1,1,1,1,1,1,0,0,0,0,1,1,1,1,0,1
123,27.827210426330566,0.2835033578881324,3.5824832105593316,308.3299999999999,117.0,1,1,1,1,1,1,1,1,1,0,0,0,0,1,1,1,0,1,1
124,28.018996000289917,0.2835033578881324,4.298979852671195,308.3299999999999,116.0,1,1,1,1,1,1,1,1,1,0,0,0,0,1,1,1,0,0,1
125,28.325964212417603,0.2835033578881324,3.5824832105593316,308.3299999999999,117.0,1,1,1,1,1,1,1,1,1,0,0,0,0,0,1,1,1,1,1
126,28.496737718582153,0.2835033578881324,4.298979852671195,308.3299999999999,116.0,1,1,1,1,1,1,1,1,1,0,0,0,0,0,1,1,1,0,1
127,28.662140130996704,0.2835033578881324,4.298979852671195,308.3299999999999,116.0,1,1,1,1,1,1,1,1,1,0,0,0,0,0,1,1,0,1,1
128,28.81450915336609,0.2835033578881324,5.015476494783073,308.3299999999999,115.0,1,1,1,1,1,1,1,1,1,0,0,0,0,0,1,1,0,0,1
129,29.14880919456482,0.2835033578881324,7.164966421118677,308.3299999999999,112.0,1,1,1,1,1,1,1,1,0,1,1,1,1,1,1,1,1,1,1
130,29.3436381816864,0.2835033578881324,7.881463063230541,308.3299999999999,111.0,1,1,1,1,1,1,1,1,0,1,1,1,1,1,1,1,1,0,1
131,29.527100563049316,0.2835033578881324,7.881463063230541,308.3299999999999,111.0,1,1,1,1,1,1,1,1,0,1,1,1,1,1,1,1,0,1,1
132,29.71073818206787,0.2835033578881324,8.597959705342404,308.3299999999999,110.0,1,1,1,1,1,1,1,1,0,1,1,1,1,1,1,1,0,0,1
133,30.077478647232056,0.2835033578881324,7.881463063230541,308.3299999999999,111.0,1,1,1,1,1,1,1,1,0,1,1,1,1,0,1,1,1,1,1
134,30.24960494041443,0.2835033578881324,8.597959705342404,308.3299999999999,110.0,1,1,1,1,1,1,1,1,0,1,1,1,1,0,1,1,1,0,1
135,30.412119150161743,0.2835033578881324,8.597959705342404,308.3299999999999,110.0,1,1,1,1,1,1,1,1,0,1,1,1,1,0,1,1,0,1,1
136,30.573745727539062,0.2835033578881324,9.314456347454268,308.3299999999999,109.0,1,1,1,1,1,1,1,1,0,1,1,1,1,0,1,1,0,0,1
137,30.907820224761963,0.2835033578881324,7.881463063230541,308.3299999999999,111.0,1,1,1,1,1,1,1,1,0,1,1,1,0,1,1,1,1,1,1
138,31.076428651809692,0.2835033578881324,8.597959705342404,308.3299999999999,110.0,1,1,1,1,1,1,1,1,0,1,1,1,0,1,1,1,1,0,1
139,31.259382009506226,0.2835033578881324,8.597959705342404,308.3299999999999,110.0,1,1,1,1,1,1,1,1,0,1,1,1,0,1,1,1,0,1,1
140,31.42579436302185,0.2835033578881324,9.314456347454268,308.3299999999999,109.0,1,1,1,1,1,1,1,1,0,1,1,1,0,1,1,1,0,0,1
141,31.759222507476807,0.2835033578881324,8.597959705342404,308.3299999999999,110.0,1,1,1,1,1,1,1,1,0,1,1,1,0,0,1,1,1,1,1
142,31.910337209701538,0.2835033578881324,9.314456347454268,308.3299999999999,109.0,1,1,1,1,1,1,1,1,0,1,1,1,0,0,1,1,1,0,1
143,32.09169578552246,0.2835033578881324,9.314456347454268,308.3299999999999,109.0,1,1,1,1,1,1,1,1,0,1,1,1,0,0,1,1,0,1,1
144,32.242809534072876,0.2835033578881324,10.030952989566146,308.3299999999999,108.0,1,1,1,1,1,1,1,1,0,1,1,1,0,0,1,1,0,0,1
145,32.5598201751709,0.2835033578881324,6.123742244324134,302.12999999999994,111.0,1,1,1,1,1,1,1,1,0,1,1,0,1,1,1,1,1,1,1
146,32.727132081985474,0.2835033578881324,6.840238886435998,302.12999999999994,110.0,1,1,1,1,1,1,1,1,0,1,1,0,1,1,1,1,1,0,1
147,32.87763977050781,0.2835033578881324,6.840238886435998,302.12999999999994,110.0,1,1,1,1,1,1,1,1,0,1,1,0,1,1,1,1,0,1,1
148,33.06011939048767,0.2835033578881324,7.556735528547861,302.12999999999994,109.0,1,1,1,1,1,1,1,1,0,1,1,0,1,1,1,1,0,0,1
149,33.44471216201782,0.2835033578881324,6.840238886435998,302.12999999999994,110.0,1,1,1,1,1,1,1,1,0,1,1,0,1,0,1,1,1,1,1
150,33.6202654838562,0.2835033578881324,7.556735528547861,302.12999999999994,109.0,1,1,1,1,1,1,1,1,0,1,1,0,1,0,1,1,1,0,1
151,33.77873086929321,0.2835033578881324,7.556735528547861,302.12999999999994,109.0,1,1,1,1,1,1,1,1,0,1,1,0,1,0,1,1,0,1,1
152,33.992156744003296,0.2835033578881324,8.273232170659739,302.12999999999994,108.0,1,1,1,1,1,1,1,1,0,1,1,0,1,0,1,1,0,0,1
153,34.30202531814575,0.2835033578881324,6.840238886435998,302.12999999999994,110.0,1,1,1,1,1,1,1,1,0,1,1,0,0,1,1,1,1,1,1
154,34.44787812232971,0.2835033578881324,7.556735528547861,302.12999999999994,109.0,1,1,1,1,1,1,1,1,0,1,1,0,0,1,1,1,1,0,1
155,34.61464285850525,0.2835033578881324,7.556735528547861,302.12999999999994,109.0,1,1,1,1,1,1,1,1,0,1,1,0,0,1,1,1,0,1,1
156,34.863322257995605,0.2835033578881324,8.273232170659739,302.12999999999994,108.0,1,1,1,1,1,1,1,1,0,1,1,0,0,1,1,1,0,0,1
157,35.58890628814697,0.2835033578881324,7.556735528547861,302.12999999999994,109.0,1,1,1,1,1,1,1,1,0,1,1,0,0,0,1,1,1,1,1
158,35.77273368835449,0.2835033578881324,8.273232170659739,302.12999999999994,108.0,1,1,1,1,1,1,1,1,0,1,1,0,0,0,1,1,1,0,1
159,35.947362422943115,0.2835033578881324,8.273232170659739,302.12999999999994,108.0,1,1,1,1,1,1,1,1,0,1,1,0,0,0,1,1,0,1,1
160,36.10437345504761,0.2835033578881324,8.989728812771602,302.12999999999994,107.0,1,1,1,1,1,1,1,1,0,1,1,0,0,0,1,1,0,0,1
161,36.431771755218506,0.2835033578881324,7.881463063230541,308.3299999999999,111.0,1,1,1,1,1,1,1,1,0,1,0,1,1,1,1,1,1,1,1
162,36.62909936904907,0.2835033578881324,8.597959705342404,308.3299999999999,110.0,1,1,1,1,1,1,1,1,0,1,0,1,1,1,1,1,1,0,1
163,36.796398401260376,0.2835033578881324,8.597959705342404,308.3299999999999,110.0,1,1,1,1,1,1,1,1,0,1,0,1,1,1,1,1,0,1,1
164,36.96262574195862,0.2835033578881324,9.314456347454268,308.3299999999999,109.0,1,1,1,1,1,1,1,1,0,1,0,1,1,1,1,1,0,0,1
165,37.32874941825867,0.2835033578881324,8.597959705342404,308.3299999999999,110.0,1,1,1,1,1,1,1,1,0,1,0,1,1,0,1,1,1,1,1
166,37.47757267951965,0.2835033578881324,9.314456347454268,308.3299999999999,109.0,1,1,1,1,1,1,1,1,0,1,0,1,1,0,1,1,1,0,1
167,37.628705739974976,0.2835033578881324,9.314456347454268,308.3299999999999,109.0,1,1,1,1,1,1,1,1,0,1,0,1,1,0,1,1,0,1,1
168,37.79551386833191,0.2835033578881324,10.030952989566146,308.3299999999999,108.0,1,1,1,1,1,1,1,1,0,1,0,1,1,0,1,1,0,0,1
169,38.11348104476929,0.2835033578881324,8.597959705342404,308.3299999999999,110.0,1,1,1,1,1,1,1,1,0,1,0,1,0,1,1,1,1,1,1
170,38.30288577079773,0.2835033578881324,9.314456347454268,308.3299999999999,109.0,1,1,1,1,1,1,1,1,0,1,0,1,0,1,1,1,1,0,1
171,38.48017907142639,0.2835033578881324,9.314456347454268,308.3299999999999,109.0,1,1,1,1,1,1,1,1,0,1,0,1,0,1,1,1,0,1,1
172,38.66106724739075,0.2835033578881324,10.030952989566146,308.3299999999999,108.0,1,1,1,1,1,1,1,1,0,1,0,1,0,1,1,1,0,0,1
173,39.00098657608032,0.2835033578881324,9.314456347454268,308.3299999999999,109.0,1,1,1,1,1,1,1,1,0,1,0,1,0,0,1,1,1,1,1
174,39.16017723083496,0.2835033578881324,10.030952989566146,308.3299999999999,108.0,1,1,1,1,1,1,1,1,0,1,0,1,0,0,1,1,1,0,1
175,39.310439348220825,0.2835033578881324,10.030952989566146,308.3299999999999,108.0,1,1,1,1,1,1,1,1,0,1,0,1,0,0,1,1,0,1,1
176,39.4605975151062,0.2835033578881324,10.747449631678009,308.3299999999999,107.0,1,1,1,1,1,1,1,1,0,1,0,1,0,0,1,1,0,0,1
177,39.778040647506714,0.2835033578881324,6.840238886435998,302.12999999999994,110.0,1,1,1,1,1,1,1,1,0,1,0,0,1,1,1,1,1,1,1
178,39.94477558135986,0.2835033578881324,7.556735528547861,302.12999999999994,109.0,1,1,1,1,1,1,1,1,0,1,0,0,1,1,1,1,1,0,1
179,40.094897508621216,0.2835033578881324,7.556735528547861,302.12999999999994,109.0,1,1,1,1,1,1,1,1,0,1,0,0,1,1,1,1,0,1,1
180,40.246500968933105,0.2835033578881324,8.273232170659739,302.12999999999994,108.0,1,1,1,1,1,1,1,1,0,1,0,0,1,1,1,1,0,0,1
181,40.58006525039673,0.2835033578881324,7.556735528547861,302.12999999999994,109.0,1,1,1,1,1,1,1,1,0,1,0,0,1,0,1,1,1,1,1
182,40.729684591293335,0.2835033578881324,8.273232170659739,302.12999999999994,108.0,1,1,1,1,1,1,1,1,0,1,0,0,1,0,1,1,1,0,1
183,40.865310192108154,0.2835033578881324,8.273232170659739,302.12999999999994,108.0,1,1,1,1,1,1,1,1,0,1,0,0,1,0,1,1,0,1,1
184,41.03199505805969,0.2835033578881324,8.989728812771602,302.12999999999994,107.0,1,1,1,1,1,1,1,1,0,1,0,0,1,0,1,1,0,0,1
185,41.33336162567139,0.2835033578881324,7.556735528547861,302.12999999999994,109.0,1,1,1,1,1,1,1,1,0,1,0,0,0,1,1,1,1,1,1
186,41.50052571296692,0.2835033578881324,8.273232170659739,302.12999999999994,108.0,1,1,1,1,1,1,1,1,0,1,0,0,0,1,1,1,1,0,1
187,41.667277097702026,0.2835033578881324,8.273232170659739,302.12999999999994,108.0,1,1,1,1,1,1,1,1,0,1,0,0,0,1,1,1,0,1,1
188,41.818557262420654,0.2835033578881324,8.989728812771602,302.12999999999994,107.0,1,1,1,1,1,1,1,1,0,1,0,0,0,1,1,1,0,0,1
189,42.15215587615967,0.2835033578881324,8.273232170659739,302.12999999999994,108.0,1,1,1,1,1,1,1,1,0,1,0,0,0,0,1,1,1,1,1
190,42.30218458175659,0.2835033578881324,8.989728812771602,302.12999999999994,107.0,1,1,1,1,1,1,1,1,0,1,0,0,0,0,1,1,1,0,1
191,42.46537661552429,0.2835033578881324,8.989728812771602,302.12999999999994,107.0,1,1,1,1,1,1,1,1,0,1,0,0,0,0,1,1,0,1,1
192,42.60341930389404,0.2835033578881324,9.706225454883466,302.12999999999994,106.0,1,1,1,1,1,1,1,1,0,1,0,0,0,0,1,1,0,0,1
193,42.92835998535156,0.2835033578881324,7.881463063230541,308.3299999999999,111.0,1,1,1,1,1,1,1,1,0,0,1,1,1,1,1,1,1,1,1
194,43.09066200256348,0.2835033578881324,8.597959705342404,308.3299999999999,110.0,1,1,1,1,1,1,1,1,0,0,1,1,1,1,1,1,1,0,1
195,43.26756143569946,0.2835033578881324,8.597959705342404,308.3299999999999,110.0,1,1,1,1,1,1,1,1,0,0,1,1,1,1,1,1,0,1,1
196,43.441728353500366,0.2835033578881324,9.314456347454268,308.3299999999999,109.0,1,1,1,1,1,1,1,1,0,0,1,1,1,1,1,1,0,0,1
197,43.783817529678345,0.2835033578881324,8.597959705342404,308.3299999999999,110.0,1,1,1,1,1,1,1,1,0,0,1,1,1,0,1,1,1,1,1
198,43.9506733417511,0.2835033578881324,9.314456347454268,308.3299999999999,109.0,1,1,1,1,1,1,1,1,0,0,1,1,1,0,1,1,1,0,1
199,44.11736226081848,0.2835033578881324,9.314456347454268,308.3299999999999,109.0,1,1,1,1,1,1,1,1,0,0,1,1,1,0,1,1,0,1,1
200,44.26850175857544,0.2835033578881324,10.030952989566146,308.3299999999999,108.0,1,1,1,1,1,1,1,1,0,0,1,1,1,0,1,1,0,0,1
201,44.55449175834656,0.2835033578881324,8.597959705342404,308.3299999999999,110.0,1,1,1,1,1,1,1,1,0,0,1,1,0,1,1,1,1,1,1
202,44.71312093734741,0.2835033578881324,9.314456347454268,308.3299999999999,109.0,1,1,1,1,1,1,1,1,0,0,1,1,0,1,1,1,1,0,1
203,44.86266255378723,0.2835033578881324,9.314456347454268,308.3299999999999,109.0,1,1,1,1,1,1,1,1,0,0,1,1,0,1,1,1,0,1,1
204,45.05505967140198,0.2835033578881324,10.030952989566146,308.3299999999999,108.0,1,1,1,1,1,1,1,1,0,0,1,1,0,1,1,1,0,0,1
205,45.34644532203674,0.2835033578881324,9.314456347454268,308.3299999999999,109.0,1,1,1,1,1,1,1,1,0,0,1,1,0,0,1,1,1,1,1
206,45.49789619445801,0.2835033578881324,10.030952989566146,308.3299999999999,108.0,1,1,1,1,1,1,1,1,0,0,1,1,0,0,1,1,1,0,1
207,45.66768550872803,0.2835033578881324,10.030952989566146,308.3299999999999,108.0,1,1,1,1,1,1,1,1,0,0,1,1,0,0,1,1,0,1,1
208,45.81650400161743,0.2835033578881324,10.747449631678009,308.3299999999999,107.0,1,1,1,1,1,1,1,1,0,0,1,1,0,0,1,1,0,0,1
209,46.10095524787903,0.2835033578881324,6.840238886435998,302.12999999999994,110.0,1,1,1,1,1,1,1,1,0,0,1,0,1,1,1,1,1,1,1
210,46.26666474342346,0.2835033578881324,7.556735528547861,302.12999999999994,109.0,1,1,1,1,1,1,1,1,0,0,1,0,1,1,1,1,1,0,1
211,46.41831159591675,0.2835033578881324,7.556735528547861,302.12999999999994,109.0,1,1,1,1,1,1,1,1,0,0,1,0,1,1,1,1,0,1,1
212,46.56894040107727,0.2835033578881324,8.273232170659739,302.12999999999994,108.0,1,1,1,1,1,1,1,1,0,0,1,0,1,1,1,1,0,0,1
213,46.87194585800171,0.2835033578881324,7.556735528547861,302.12999999999994,109.0,1,1,1,1,1,1,1,1,0,0,1,0,1,0,1,1,1,1,1
214,47.038719177246094,0.2835033578881324,8.273232170659739,302.12999999999994,108.0,1,1,1,1,1,1,1,1,0,0,1,0,1,0,1,1,1,0,1
215,47.17306041717529,0.2835033578881324,8.273232170659739,302.12999999999994,108.0,1,1,1,1,1,1,1,1,0,0,1,0,1,0,1,1,0,1,1
216,47.33069634437561,0.2835033578881324,8.989728812771602,302.12999999999994,107.0,1,1,1,1,1,1,1,1,0,0,1,0,1,0,1,1,0,0,1
217,47.60142230987549,0.2835033578881324,7.556735528547861,302.12999999999994,109.0,1,1,1,1,1,1,1,1,0,0,1,0,0,1,1,1,1,1,1
218,47.76665782928467,0.2835033578881324,8.273232170659739,302.12999999999994,108.0,1,1,1,1,1,1,1,1,0,0,1,0,0,1,1,1,1,0,1
219,47.93342995643616,0.2835033578881324,8.273232170659739,302.12999999999994,108.0,1,1,1,1,1,1,1,1,0,0,1,0,0,1,1,1,0,1,1
220,48.08455848693848,0.2835033578881324,8.989728812771602,302.12999999999994,107.0,1,1,1,1,1,1,1,1,0,0,1,0,0,1,1,1,0,0,1
221,48.370262145996094,0.2835033578881324,8.273232170659739,302.12999999999994,108.0,1,1,1,1,1,1,1,1,0,0,1,0,0,0,1,1,1,1,1
222,48.52138710021973,0.2835033578881324,8.989728812771602,302.12999999999994,107.0,1,1,1,1,1,1,1,1,0,0,1,0,0,0,1,1,1,0,1
223,48.673115730285645,0.2835033578881324,8.989728812771602,302.12999999999994,107.0,1,1,1,1,1,1,1,1,0,0,1,0,0,0,1,1,0,1,1
224,48.80742168426514,0.2835033578881324,9.706225454883466,302.12999999999994,106.0,1,1,1,1,1,1,1,1,0,0,1,0,0,0,1,1,0,0,1
225,49.084290742874146,0.2835033578881324,8.597959705342404,308.3299999999999,110.0,1,1,1,1,1,1,1,1,0,0,0,1,1,1,1,1,1,1,1
226,49.26908087730408,0.2835033578881324,9.314456347454268,308.3299999999999,109.0,1,1,1,1,1,1,1,1,0,0,0,1,1,1,1,1,1,0,1
227,49.432435750961304,0.2835033578881324,9.314456347454268,308.3299999999999,109.0,1,1,1,1,1,1,1,1,0,0,0,1,1,1,1,1,0,1,1
228,49.59958624839783,0.2835033578881324,10.030952989566146,308.3299999999999,108.0,1,1,1,1,1,1,1,1,0,0,0,1,1,1,1,1,0,0,1
229,49.915921449661255,0.2835033578881324,9.314456347454268,308.3299999999999,109.0,1,1,1,1,1,1,1,1,0,0,0,1,1,0,1,1,1,1,1
230,50.12617492675781,0.2835033578881324,10.030952989566146,308.3299999999999,108.0,1,1,1,1,1,1,1,1,0,0,0,1,1,0,1,1,1,0,1
231,50.27493166923523,0.2835033578881324,10.030952989566146,308.3299999999999,108.0,1,1,1,1,1,1,1,1,0,0,0,1,1,0,1,1,0,1,1
232,50.440969467163086,0.2835033578881324,10.747449631678009,308.3299999999999,107.0,1,1,1,1,1,1,1,1,0,0,0,1,1,0,1,1,0,0,1
233,50.70349407196045,0.2835033578881324,9.314456347454268,308.3299999999999,109.0,1,1,1,1,1,1,1,1,0,0,0,1,0,1,1,1,1,1,1
234,50.86974573135376,0.2835033578881324,10.030952989566146,308.3299999999999,108.0,1,1,1,1,1,1,1,1,0,0,0,1,0,1,1,1,1,0,1
235,51.03696870803833,0.2835033578881324,10.030952989566146,308.3299999999999,108.0,1,1,1,1,1,1,1,1,0,0,0,1,0,1,1,1,0,1,1
236,51.20332980155945,0.2835033578881324,10.747449631678009,308.3299999999999,107.0,1,1,1,1,1,1,1,1,0,0,0,1,0,1,1,1,0,0,1
237,51.48999762535095,0.2835033578881324,10.030952989566146,308.3299999999999,108.0,1,1,1,1,1,1,1,1,0,0,0,1,0,0,1,1,1,1,1
238,51.64181733131409,0.2835033578881324,10.747449631678009,308.3299999999999,107.0,1,1,1,1,1,1,1,1,0,0,0,1,0,0,1,1,1,0,1
239,51.808528900146484,0.2835033578881324,10.747449631678009,308.3299999999999,107.0,1,1,1,1,1,1,1,1,0,0,0,1,0,0,1,1,0,1,1
240,51.942758321762085,0.2835033578881324,11.463946273789873,308.3299999999999,106.0,1,1,1,1,1,1,1,1,0,0,0,1,0,0,1,1,0,0,1
241,52.239585161209106,0.2835033578881324,7.556735528547861,302.12999999999994,109.0,1,1,1,1,1,1,1,1,0,0,0,0,1,1,1,1,1,1,1
242,52.40098571777344,0.2835033578881324,8.273232170659739,302.12999999999994,108.0,1,1,1,1,1,1,1,1,0,0,0,0,1,1,1,1,1,0,1
243,52.58656311035156,0.2835033578881324,8.273232170659739,302.12999999999994,108.0,1,1,1,1,1,1,1,1,0,0,0,0,1,1,1,1,0,1,1
244,52.74732160568237,0.2835033578881324,8.989728812771602,302.12999999999994,107.0,1,1,1,1,1,1,1,1,0,0,0,0,1,1,1,1,0,0,1
245,53.043487787246704,0.2835033578881324,8.273232170659739,302.12999999999994,108.0,1,1,1,1,1,1,1,1,0,0,0,0,1,0,1,1,1,1,1
246,53.21019959449768,0.2835033578881324,8.989728812771602,302.12999999999994,107.0,1,1,1,1,1,1,1,1,0,0,0,0,1,0,1,1,1,0,1
247,53.38324332237244,0.2835033578881324,8.989728812771602,302.12999999999994,107.0,1,1,1,1,1,1,1,1,0,0,0,0,1,0,1,1,0,1,1
248,53.52701449394226,0.2835033578881324,9.706225454883466,302.12999999999994,106.0,1,1,1,1,1,1,1,1,0,0,0,0,1,0,1,1,0,0,1
249,53.80330944061279,0.2835033578881324,8.273232170659739,302.12999999999994,108.0,1,1,1,1,1,1,1,1,0,0,0,0,0,1,1,1,1,1,1
250,53.98700785636902,0.2835033578881324,8.989728812771602,302.12999999999994,107.0,1,1,1,1,1,1,1,1,0,0,0,0,0,1,1,1,1,0,1
251,54.138583183288574,0.2835033578881324,8.989728812771602,302.12999999999994,107.0,1,1,1,1,1,1,1,1,0,0,0,0,0,1,1,1,0,1,1
252,54.31173539161682,0.2835033578881324,9.706225454883466,302.12999999999994,106.0,1,1,1,1,1,1,1,1,0,0,0,0,0,1,1,1,0,0,1
253,54.6127769947052,0.2835033578881324,8.989728812771602,302.12999999999994,107.0,1,1,1,1,1,1,1,1,0,0,0,0,0,0,1,1,1,1,1
254,54.78485059738159,0.2835033578881324,9.706225454883466,302.12999999999994,106.0,1,1,1,1,1,1,1,1,0,0,0,0,0,0,1,1,1,0,1
255,54.96369528770447,0.2835033578881324,9.706225454883466,302.12999999999994,106.0,1,1,1,1,1,1,1,1,0,0,0,0,0,0,1,1,0,1,1
256,55.114522218704224,0.2835033578881324,10.422722096995344,302.12999999999994,105.0,1,1,1,1,1,1,1,1,0,0,0,0,0,0,1,1,0,0,1
257,154.12920880317688,0.2835033578881324,7.164966421118677,308.3299999999999,112.0,1,1,1,0,1,1,1,1,1,1,1,1,1,1,1,1,1,1,1
258,154.34113311767578,0.2835033578881324,7.881463063230541,308.3299999999999,111.0,1,1,1,0,1,1,1,1,1,1,1,1,1,1,1,1,1,0,1
259,154.54389476776123,0.2835033578881324,7.881463063230541,308.3299999999999,111.0,1,1,1,0,1,1,1,1,1,1,1,1,1,1,1,1,0,1,1
260,154.93099761009216,0.2835033578881324,7.881463063230541,308.3299999999999,111.0,1,1,1,0,1,1,1,1,1,1,1,1,1,0,1,1,1,1,1
261,155.10538387298584,0.2835033578881324,8.597959705342404,308.3299999999999,110.0,1,1,1,0,1,1,1,1,1,1,1,1,1,0,1,1,0,1,1
262,155.39107298851013,0.2835033578881324,7.881463063230541,308.3299999999999,111.0,1,1,1,0,1,1,1,1,1,1,1,1,0,1,1,1,1,1,1
263,155.57343363761902,0.2835033578881324,8.597959705342404,308.3299999999999,110.0,1,1,1,0,1,1,1,1,1,1,1,1,0,1,1,1,1,0,1
264,155.7956645488739,0.2835033578881324,8.597959705342404,308.3299999999999,110.0,1,1,1,0,1,1,1,1,1,1,1,1,0,1,1,1,0,1,1
265,156.16690039634705,0.2835033578881324,8.597959705342404,308.3299999999999,110.0,1,1,1,0,1,1,1,1,1,1,1,1,0,0,1,1,1,1,1
266,156.32911205291748,0.2835033578881324,9.314456347454268,308.3299999999999,109.0,1,1,1,0,1,1,1,1,1,1,1,1,0,0,1,1,0,1,1
267,156.61513948440552,0.2835033578881324,7.881463063230541,308.3299999999999,111.0,1,1,1,0,1,1,1,1,1,1,1,0,1,1,1,1,1,1,1
268,156.79503417015076,0.2835033578881324,8.597959705342404,308.3299999999999,110.0,1,1,1,0,1,1,1,1,1,1,1,0,1,1,1,1,1,0,1
269,156.98068118095398,0.2835033578881324,8.597959705342404,308.3299999999999,110.0,1,1,1,0,1,1,1,1,1,1,1,0,1,1,1,1,0,1,1
270,157.39900493621826,0.2835033578881324,8.597959705342404,308.3299999999999,110.0,1,1,1,0,1,1,1,1,1,1,1,0,1,0,1,1,1,1,1
271,157.57846117019653,0.2835033578881324,9.314456347454268,308.3299999999999,109.0,1,1,1,0,1,1,1,1,1,1,1,0,1,0,1,1,0,1,1
272,157.87914752960205,0.2835033578881324,8.597959705342404,308.3299999999999,110.0,1,1,1,0,1,1,1,1,1,1,1,0,0,1,1,1,1,1,1
273,158.04661178588867,0.2835033578881324,9.314456347454268,308.3299999999999,109.0,1,1,1,0,1,1,1,1,1,1,1,0,0,1,1,1,1,0,1
274,158.2542085647583,0.2835033578881324,9.314456347454268,308.3299999999999,109.0,1,1,1,0,1,1,1,1,1,1,1,0,0,1,1,1,0,1,1
275,158.66281843185425,0.2835033578881324,9.314456347454268,308.3299999999999,109.0,1,1,1,0,1,1,1,1,1,1,1,0,0,0,1,1,1,1,1
276,158.84740281105042,0.2835033578881324,10.030952989566146,308.3299999999999,108.0,1,1,1,0,1,1,1,1,1,1,1,0,0,0,1,1,0,1,1
277,159.1631691455841,0.2835033578881324,7.881463063230541,308.3299999999999,111.0,1,1,1,0,1,1,1,1,1,1,0,1,1,1,1,1,1,1,1
278,159.36322951316833,0.2835033578881324,8.597959705342404,308.3299999999999,110.0,1,1,1,0,1,1,1,1,1,1,0,1,1,1,1,1,1,0,1
279,159.62866687774658,0.2835033578881324,8.597959705342404,308.3299999999999,110.0,1,1,1,0,1,1,1,1,1,1,0,1,1,1,1,1,0,1,1
280,160.0643379688263,0.2835033578881324,8.597959705342404,308.3299999999999,110.0,1,1,1,0,1,1,1,1,1,1,0,1,1,0,1,1,1,1,1
281,160.23108577728271,0.2835033578881324,9.314456347454268,308.3299999999999,109.0,1,1,1,0,1,1,1,1,1,1,0,1,1,0,1,1,0,1,1
282,160.5079095363617,0.2835033578881324,8.597959705342404,308.3299999999999,110.0,1,1,1,0,1,1,1,1,1,1,0,1,0,1,1,1,1,1,1
283,160.67512345314026,0.2835033578881324,9.314456347454268,308.3299999999999,109.0,1,1,1,0,1,1,1,1,1,1,0,1,0,1,1,1,1,0,1
284,160.85704517364502,0.2835033578881324,9.314456347454268,308.3299999999999,109.0,1,1,1,0,1,1,1,1,1,1,0,1,0,1,1,1,0,1,1
285,161.2149703502655,0.2835033578881324,9.314456347454268,308.3299999999999,109.0,1,1,1,0,1,1,1,1,1,1,0,1,0,0,1,1,1,1,1
286,161.38175463676453,0.2835033578881324,10.030952989566146,308.3299999999999,108.0,1,1,1,0,1,1,1,1,1,1,0,1,0,0,1,1,0,1,1
287,161.62734842300415,0.2835033578881324,8.597959705342404,308.3299999999999,110.0,1,1,1,0,1,1,1,1,1,1,0,0,1,1,1,1,1,1,1
288,161.79421424865723,0.2835033578881324,9.314456347454268,308.3299999999999,109.0,1,1,1,0,1,1,1,1,1,1,0,0,1,1,1,1,1,0,1
289,161.96095943450928,0.2835033578881324,9.314456347454268,308.3299999999999,109.0,1,1,1,0,1,1,1,1,1,1,0,0,1,1,1,1,0,1,1
290,162.34206676483154,0.2835033578881324,9.314456347454268,308.3299999999999,109.0,1,1,1,0,1,1,1,1,1,1,0,0,1,0,1,1,1,1,1
291,162.5495913028717,0.2835033578881324,10.030952989566146,308.3299999999999,108.0,1,1,1,0,1,1,1,1,1,1,0,0,1,0,1,1,0,1,1
292,162.85792136192322,0.2835033578881324,9.314456347454268,308.3299999999999,109.0,1,1,1,0,1,1,1,1,1,1,0,0,0,1,1,1,1,1,1
293,163.01415395736694,0.2835033578881324,10.030952989566146,308.3299999999999,108.0,1,1,1,0,1,1,1,1,1,1,0,0,0,1,1,1,1,0,1
294,163.19962000846863,0.2835033578881324,10.030952989566146,308.3299999999999,108.0,1,1,1,0,1,1,1,1,1,1,0,0,0,1,1,1,0,1,1
295,163.64390063285828,0.2835033578881324,10.030952989566146,308.3299999999999,108.0,1,1,1,0,1,1,1,1,1,1,0,0,0,0,1,1,1,1,1
296,163.79795956611633,0.2835033578881324,10.747449631678009,308.3299999999999,107.0,1,1,1,0,1,1,1,1,1,1,0,0,0,0,1,1,0,1,1
297,164.08004784584045,0.2835033578881324,7.881463063230541,308.3299999999999,111.0,1,1,1,0,1,1,1,1,1,0,1,1,1,1,1,1,1,1,1
298,164.26297450065613,0.2835033578881324,8.597959705342404,308.3299999999999,110.0,1,1,1,0,1,1,1,1,1,0,1,1,1,1,1,1,1,0,1
299,164.41366505622864,0.2835033578881324,8.597959705342404,308.3299999999999,110.0,1,1,1,0,1,1,1,1,1,0,1,1,1,1,1,1,0,1,1
300,164.77843475341797,0.2835033578881324,8.597959705342404,308.3299999999999,110.0,1,1,1,0,1,1,1,1,1,0,1,1,1,0,1,1,1,1,1
301,165.0801658630371,0.2835033578881324,9.314456347454268,308.3299999999999,109.0,1,1,1,0,1,1,1,1,1,0,1,1,1,0,1,1,0,1,1
302,165.40233993530273,0.2835033578881324,8.597959705342404,308.3299999999999,110.0,1,1,1,0,1,1,1,1,1,0,1,1,0,1,1,1,1,1,1
303,165.61777639389038,0.2835033578881324,9.314456347454268,308.3299999999999,109.0,1,1,1,0,1,1,1,1,1,0,1,1,0,1,1,1,1,0,1
304,165.8180251121521,0.2835033578881324,9.314456347454268,308.3299999999999,109.0,1,1,1,0,1,1,1,1,1,0,1,1,0,1,1,1,0,1,1
305,166.17034149169922,0.2835033578881324,9.314456347454268,308.3299999999999,109.0,1,1,1,0,1,1,1,1,1,0,1,1,0,0,1,1,1,1,1
306,166.35457301139832,0.2835033578881324,10.030952989566146,308.3299999999999,108.0,1,1,1,0,1,1,1,1,1,0,1,1,0,0,1,1,0,1,1
307,166.63773036003113,0.2835033578881324,8.597959705342404,308.3299999999999,110.0,1,1,1,0,1,1,1,1,1,0,1,0,1,1,1,1,1,1,1
308,166.83298683166504,0.2835033578881324,9.314456347454268,308.3299999999999,109.0,1,1,1,0,1,1,1,1,1,0,1,0,1,1,1,1,1,0,1
309,166.99854445457458,0.2835033578881324,9.314456347454268,308.3299999999999,109.0,1,1,1,0,1,1,1,1,1,0,1,0,1,1,1,1,0,1,1
310,167.33718013763428,0.2835033578881324,9.314456347454268,308.3299999999999,109.0,1,1,1,0,1,1,1,1,1,0,1,0,1,0,1,1,1,1,1
311,167.52189803123474,0.2835033578881324,10.030952989566146,308.3299999999999,108.0,1,1,1,0,1,1,1,1,1,0,1,0,1,0,1,1,0,1,1
312,167.80352568626404,0.2835033578881324,9.314456347454268,308.3299999999999,109.0,1,1,1,0,1,1,1,1,1,0,1,0,0,1,1,1,1,1,1
313,167.97020149230957,0.2835033578881324,10.030952989566146,308.3299999999999,108.0,1,1,1,0,1,1,1,1,1,0,1,0,0,1,1,1,1,0,1
314,168.1635024547577,0.2835033578881324,10.030952989566146,308.3299999999999,108.0,1,1,1,0,1,1,1,1,1,0,1,0,0,1,1,1,0,1,1
315,168.47138333320618,0.2835033578881324,10.030952989566146,308.3299999999999,108.0,1,1,1,0,1,1,1,1,1,0,1,0,0,0,1,1,1,1,1
316,168.6524600982666,0.2835033578881324,10.747449631678009,308.3299999999999,107.0,1,1,1,0,1,1,1,1,1,0,1,0,0,0,1,1,0,1,1
317,168.89959955215454,0.2835033578881324,8.597959705342404,308.3299999999999,110.0,1,1,1,0,1,1,1,1,1,0,0,1,1,1,1,1,1,1,1
318,169.0557644367218,0.2835033578881324,9.314456347454268,308.3299999999999,109.0,1,1,1,0,1,1,1,1,1,0,0,1,1,1,1,1,1,0,1
319,169.23135685920715,0.2835033578881324,9.314456347454268,308.3299999999999,109.0,1,1,1,0,1,1,1,1,1,0,0,1,1,1,1,1,0,1,1
320,169.56439471244812,0.2835033578881324,9.314456347454268,308.3299999999999,109.0,1,1,1,0,1,1,1,1,1,0,0,1,1,0,1,1,1,1,1
321,169.74630546569824,0.2835033578881324,10.030952989566146,308.3299999999999,108.0,1,1,1,0,1,1,1,1,1,0,0,1,1,0,1,1,0,1,1
322,170.03047442436218,0.2835033578881324,9.314456347454268,308.3299999999999,109.0,1,1,1,0,1,1,1,1,1,0,0,1,0,1,1,1,1,1,1
323,170.20079684257507,0.2835033578881324,10.030952989566146,308.3299999999999,108.0,1,1,1,0,1,1,1,1,1,0,0,1,0,1,1,1,1,0,1
324,170.38622522354126,0.2835033578881324,10.030952989566146,308.3299999999999,108.0,1,1,1,0,1,1,1,1,1,0,0,1,0,1,1,1,0,1,1
325,170.72155857086182,0.2835033578881324,10.030952989566146,308.3299999999999,108.0,1,1,1,0,1,1,1,1,1,0,0,1,0,0,1,1,1,1,1
326,170.90902256965637,0.2835033578881324,10.747449631678009,308.3299999999999,107.0,1,1,1,0,1,1,1,1,1,0,0,1,0,0,1,1,0,1,1
327,171.1885859966278,0.2835033578881324,9.314456347454268,308.3299999999999,109.0,1,1,1,0,1,1,1,1,1,0,0,0,1,1,1,1,1,1,1
328,171.3550899028778,0.2835033578881324,10.030952989566146,308.3299999999999,108.0,1,1,1,0,1,1,1,1,1,0,0,0,1,1,1,1,1,0,1
329,171.54444098472595,0.2835033578881324,10.030952989566146,308.3299999999999,108.0,1,1,1,0,1,1,1,1,1,0,0,0,1,1,1,1,0,1,1
330,171.85460591316223,0.2835033578881324,10.030952989566146,308.3299999999999,108.0,1,1,1,0,1,1,1,1,1,0,0,0,1,0,1,1,1,1,1
331,172.05216574668884,0.2835033578881324,10.747449631678009,308.3299999999999,107.0,1,1,1,0,1,1,1,1,1,0,0,0,1,0,1,1,0,1,1
332,172.43869543075562,0.2835033578881324,10.030952989566146,308.3299999999999,108.0,1,1,1,0,1,1,1,1,1,0,0,0,0,1,1,1,1,1,1
333,172.62201476097107,0.2835033578881324,10.747449631678009,308.3299999999999,107.0,1,1,1,0,1,1,1,1,1,0,0,0,0,1,1,1,1,0,1
334,172.87506771087646,0.2835033578881324,10.747449631678009,308.3299999999999,107.0,1,1,1,0,1,1,1,1,1,0,0,0,0,1,1,1,0,1,1
335,173.1891574859619,0.2835033578881324,10.747449631678009,308.3299999999999,107.0,1,1,1,0,1,1,1,1,1,0,0,0,0,0,1,1,1,1,1
336,173.38652324676514,0.2835033578881324,11.463946273789873,308.3299999999999,106.0,1,1,1,0,1,1,1,1,1,0,0,0,0,0,1,1,0,1,1
337,173.65897583961487,0.2835033578881324,14.329932842237355,308.3299999999999,102.0,1,1,1,0,1,1,1,1,0,1,1,1,1,1,1,1,1,1,1
338,173.8764259815216,0.2835033578881324,15.046429484349218,308.3299999999999,101.0,1,1,1,0,1,1,1,1,0,1,1,1,1,1,1,1,1,0,1
339,174.1143970489502,0.2835033578881324,15.046429484349218,308.3299999999999,101.0,1,1,1,0,1,1,1,1,0,1,1,1,1,1,1,1,0,1,1
340,174.59590029716492,0.2835033578881324,15.046429484349218,308.3299999999999,101.0,1,1,1,0,1,1,1,1,0,1,1,1,1,0,1,1,1,1,1
341,174.82476043701172,0.2835033578881324,15.762926126461082,308.3299999999999,100.0,1,1,1,0,1,1,1,1,0,1,1,1,1,0,1,1,0,1,1
342,175.12463068962097,0.2835033578881324,15.046429484349218,308.3299999999999,101.0,1,1,1,0,1,1,1,1,0,1,1,1,0,1,1,1,1,1,1
343,175.32524490356445,0.2835033578881324,15.762926126461082,308.3299999999999,100.0,1,1,1,0,1,1,1,1,0,1,1,1,0,1,1,1,1,0,1
344,175.5407645702362,0.2835033578881324,15.762926126461082,308.3299999999999,100.0,1,1,1,0,1,1,1,1,0,1,1,1,0,1,1,1,0,1,1
345,175.95257139205933,0.2835033578881324,15.762926126461082,308.3299999999999,100.0,1,1,1,0,1,1,1,1,0,1,1,1,0,0,1,1,1,1,1
346,176.14733481407166,0.2835033578881324,16.479422768572945,308.3299999999999,99.0,1,1,1,0,1,1,1,1,0,1,1,1,0,0,1,1,0,1,1
347,176.46065545082092,0.2835033578881324,13.288708665442812,302.12999999999994,101.0,1,1,1,0,1,1,1,1,0,1,1,0,1,1,1,1,1,1,1
348,176.6305742263794,0.2835033578881324,14.005205307554675,302.12999999999994,100.0,1,1,1,0,1,1,1,1,0,1,1,0,1,1,1,1,1,0,1
349,176.7935824394226,0.2835033578881324,14.005205307554675,302.12999999999994,100.0,1,1,1,0,1,1,1,1,0,1,1,0,1,1,1,1,0,1,1
350,177.1955804824829,0.2835033578881324,14.005205307554675,302.12999999999994,100.0,1,1,1,0,1,1,1,1,0,1,1,0,1,0,1,1,1,1,1
351,177.37600016593933,0.2835033578881324,14.721701949666539,302.12999999999994,99.0,1,1,1,0,1,1,1,1,0,1,1,0,1,0,1,1,0,1,1
352,177.65143203735352,0.2835033578881324,14.005205307554675,302.12999999999994,100.0,1,1,1,0,1,1,1,1,0,1,1,0,0,1,1,1,1,1,1
353,177.84260392189026,0.2835033578881324,14.721701949666539,302.12999999999994,99.0,1,1,1,0,1,1,1,1,0,1,1,0,0,1,1,1,1,0,1
354,178.0094141960144,0.2835033578881324,14.721701949666539,302.12999999999994,99.0,1,1,1,0,1,1,1,1,0,1,1,0,0,1,1,1,0,1,1
355,178.37393498420715,0.2835033578881324,14.721701949666539,302.12999999999994,99.0,1,1,1,0,1,1,1,1,0,1,1,0,0,0,1,1,1,1,1
356,178.5256633758545,0.2835033578881324,15.438198591778416,302.12999999999994,98.0,1,1,1,0,1,1,1,1,0,1,1,0,0,0,1,1,0,1,1
357,178.81918239593506,0.2835033578881324,15.046429484349218,308.3299999999999,101.0,1,1,1,0,1,1,1,1,0,1,0,1,1,1,1,1,1,1,1
358,179.00819373130798,0.2835033578881324,15.762926126461082,308.3299999999999,100.0,1,1,1,0,1,1,1,1,0,1,0,1,1,1,1,1,1,0,1
359,179.1831088066101,0.2835033578881324,15.762926126461082,308.3299999999999,100.0,1,1,1,0,1,1,1,1,0,1,0,1,1,1,1,1,0,1,1
360,179.56009697914124,0.2835033578881324,15.762926126461082,308.3299999999999,100.0,1,1,1,0,1,1,1,1,0,1,0,1,1,0,1,1,1,1,1
361,179.7362368106842,0.2835033578881324,16.479422768572945,308.3299999999999,99.0,1,1,1,0,1,1,1,1,0,1,0,1,1,0,1,1,0,1,1
362,180.0241894721985,0.2835033578881324,15.762926126461082,308.3299999999999,100.0,1,1,1,0,1,1,1,1,0,1,0,1,0,1,1,1,1,1,1
363,180.18549418449402,0.2835033578881324,16.479422768572945,308.3299999999999,99.0,1,1,1,0,1,1,1,1,0,1,0,1,0,1,1,1,1,0,1
364,180.35585474967957,0.2835033578881324,16.479422768572945,308.3299999999999,99.0,1,1,1,0,1,1,1,1,0,1,0,1,0,1,1,1,0,1,1
365,180.7448980808258,0.2835033578881324,16.479422768572945,308.3299999999999,99.0,1,1,1,0,1,1,1,1,0,1,0,1,0,0,1,1,1,1,1
366,180.916570186615,0.2835033578881324,17.195919410684823,308.3299999999999,98.0,1,1,1,0,1,1,1,1,0,1,0,1,0,0,1,1,0,1,1
367,181.1959707736969,0.2835033578881324,14.005205307554675,302.12999999999994,100.0,1,1,1,0,1,1,1,1,0,1,0,0,1,1,1,1,1,1,1
368,181.42801904678345,0.2835033578881324,14.721701949666539,302.12999999999994,99.0,1,1,1,0,1,1,1,1,0,1,0,0,1,1,1,1,1,0,1
369,181.59481263160706,0.2835033578881324,14.721701949666539,302.12999999999994,99.0,1,1,1,0,1,1,1,1,0,1,0,0,1,1,1,1,0,1,1
370,181.94495749473572,0.2835033578881324,14.721701949666539,302.12999999999994,99.0,1,1,1,0,1,1,1,1,0,1,0,0,1,0,1,1,1,1,1
371,182.12733459472656,0.2835033578881324,15.438198591778416,302.12999999999994,98.0,1,1,1,0,1,1,1,1,0,1,0,0,1,0,1,1,0,1,1
372,182.41031002998352,0.2835033578881324,14.721701949666539,302.12999999999994,99.0,1,1,1,0,1,1,1,1,0,1,0,0,0,1,1,1,1,1,1
373,182.56197667121887,0.2835033578881324,15.438198591778416,302.12999999999994,98.0,1,1,1,0,1,1,1,1,0,1,0,0,0,1,1,1,1,0,1
374,182.73839688301086,0.2835033578881324,15.438198591778416,302.12999999999994,98.0,1,1,1,0,1,1,1,1,0,1,0,0,0,1,1,1,0,1,1
375,183.11603784561157,0.2835033578881324,15.438198591778416,302.12999999999994,98.0,1,1,1,0,1,1,1,1,0,1,0,0,0,0,1,1,1,1,1
376,183.27918887138367,0.2835033578881324,16.15469523389028,302.12999999999994,97.0,1,1,1,0,1,1,1,1,0,1,0,0,0,0,1,1,0,1,1
377,183.56277322769165,0.2835033578881324,15.046429484349218,308.3299999999999,101.0,1,1,1,0,1,1,1,1,0,0,1,1,1,1,1,1,1,1,1
378,183.74622893333435,0.2835033578881324,15.762926126461082,308.3299999999999,100.0,1,1,1,0,1,1,1,1,0,0,1,1,1,1,1,1,1,0,1
379,183.9296543598175,0.2835033578881324,15.762926126461082,308.3299999999999,100.0,1,1,1,0,1,1,1,1,0,0,1,1,1,1,1,1,0,1,1
380,184.26421976089478,0.2835033578881324,15.762926126461082,308.3299999999999,100.0,1,1,1,0,1,1,1,1,0,0,1,1,1,0,1,1,1,1,1
381,184.44622826576233,0.2835033578881324,16.479422768572945,308.3299999999999,99.0,1,1,1,0,1,1,1,1,0,0,1,1,1,0,1,1,0,1,1
382,184.7172508239746,0.2835033578881324,15.762926126461082,308.3299999999999,100.0,1,1,1,0,1,1,1,1,0,0,1,1,0,1,1,1,1,1,1
383,184.91672563552856,0.2835033578881324,16.479422768572945,308.3299999999999,99.0,1,1,1,0,1,1,1,1,0,0,1,1,0,1,1,1,1,0,1
384,185.11337280273438,0.2835033578881324,16.479422768572945,308.3299999999999,99.0,1,1,1,0,1,1,1,1,0,0,1,1,0,1,1,1,0,1,1
385,185.4310736656189,0.2835033578881324,16.479422768572945,308.3299999999999,99.0,1,1,1,0,1,1,1,1,0,0,1,1,0,0,1,1,1,1,1
386,185.63041734695435,0.2835033578881324,17.195919410684823,308.3299999999999,98.0,1,1,1,0,1,1,1,1,0,0,1,1,0,0,1,1,0,1,1
387,185.94725227355957,0.2835033578881324,14.005205307554675,302.12999999999994,100.0,1,1,1,0,1,1,1,1,0,0,1,0,1,1,1,1,1,1,1
388,186.11403918266296,0.2835033578881324,14.721701949666539,302.12999999999994,99.0,1,1,1,0,1,1,1,1,0,0,1,0,1,1,1,1,1,0,1
389,186.2958345413208,0.2835033578881324,14.721701949666539,302.12999999999994,99.0,1,1,1,0,1,1,1,1,0,0,1,0,1,1,1,1,0,1,1
390,186.61434268951416,0.2835033578881324,14.721701949666539,302.12999999999994,99.0,1,1,1,0,1,1,1,1,0,0,1,0,1,0,1,1,1,1,1
391,186.85969352722168,0.2835033578881324,15.438198591778416,302.12999999999994,98.0,1,1,1,0,1,1,1,1,0,0,1,0,1,0,1,1,0,1,1
392,187.12869215011597,0.2835033578881324,14.721701949666539,302.12999999999994,99.0,1,1,1,0,1,1,1,1,0,0,1,0,0,1,1,1,1,1,1
393,187.32362174987793,0.2835033578881324,15.438198591778416,302.12999999999994,98.0,1,1,1,0,1,1,1,1,0,0,1,0,0,1,1,1,1,0,1
394,187.50852608680725,0.2835033578881324,15.438198591778416,302.12999999999994,98.0,1,1,1,0,1,1,1,1,0,0,1,0,0,1,1,1,0,1,1
395,187.82856440544128,0.2835033578881324,15.438198591778416,302.12999999999994,98.0,1,1,1,0,1,1,1,1,0,0,1,0,0,0,1,1,1,1,1
396,188.01647543907166,0.2835033578881324,16.15469523389028,302.12999999999994,97.0,1,1,1,0,1,1,1,1,0,0,1,0,0,0,1,1,0,1,1
397,188.31607961654663,0.2835033578881324,15.762926126461082,308.3299999999999,100.0,1,1,1,0,1,1,1,1,0,0,0,1,1,1,1,1,1,1,1
398,188.53195118904114,0.2835033578881324,16.479422768572945,308.3299999999999,99.0,1,1,1,0,1,1,1,1,0,0,0,1,1,1,1,1,1,0,1
399,188.71453094482422,0.2835033578881324,16.479422768572945,308.3299999999999,99.0,1,1,1,0,1,1,1,1,0,0,0,1,1,1,1,1,0,1,1
400,189.04985165596008,0.2835033578881324,16.479422768572945,308.3299999999999,99.0,1,1,1,0,1,1,1,1,0,0,0,1,1,0,1,1,1,1,1
401,189.23634791374207,0.2835033578881324,17.195919410684823,308.3299999999999,98.0,1,1,1,0,1,1,1,1,0,0,0,1,1,0,1,1,0,1,1
402,189.53438639640808,0.2835033578881324,16.479422768572945,308.3299999999999,99.0,1,1,1,0,1,1,1,1,0,0,0,1,0,1,1,1,1,1,1
403,189.78452372550964,0.2835033578881324,17.195919410684823,308.3299999999999,98.0,1,1,1,0,1,1,1,1,0,0,0,1,0,1,1,1,1,0,1
404,190.02381443977356,0.2835033578881324,17.195919410684823,308.3299999999999,98.0,1,1,1,0,1,1,1,1,0,0,0,1,0,1,1,1,0,1,1
405,190.37767148017883,0.2835033578881324,17.195919410684823,308.3299999999999,98.0,1,1,1,0,1,1,1,1,0,0,0,1,0,0,1,1,1,1,1
406,190.60342741012573,0.2835033578881324,17.912416052796686,308.3299999999999,97.0,1,1,1,0,1,1,1,1,0,0,0,1,0,0,1,1,0,1,1
407,190.87744450569153,0.2835033578881324,14.721701949666539,302.12999999999994,99.0,1,1,1,0,1,1,1,1,0,0,0,0,1,1,1,1,1,1,1
408,191.05963468551636,0.2835033578881324,15.438198591778416,302.12999999999994,98.0,1,1,1,0,1,1,1,1,0,0,0,0,1,1,1,1,1,0,1
409,191.25169277191162,0.2835033578881324,15.438198591778416,302.12999999999994,98.0,1,1,1,0,1,1,1,1,0,0,0,0,1,1,1,1,0,1,1
410,191.6951665878296,0.2835033578881324,15.438198591778416,302.12999999999994,98.0,1,1,1,0,1,1,1,1,0,0,0,0,1,0,1,1,1,1,1
411,191.87805938720703,0.2835033578881324,16.15469523389028,302.12999999999994,97.0,1,1,1,0,1,1,1,1,0,0,0,0,1,0,1,1,0,1,1
412,192.16322875022888,0.2835033578881324,15.438198591778416,302.12999999999994,98.0,1,1,1,0,1,1,1,1,0,0,0,0,0,1,1,1,1,1,1
413,192.34564924240112,0.2835033578881324,16.15469523389028,302.12999999999994,97.0,1,1,1,0,1,1,1,1,0,0,0,0,0,1,1,1,1,0,1
414,192.54412031173706,0.2835033578881324,16.15469523389028,302.12999999999994,97.0,1,1,1,0,1,1,1,1,0,0,0,0,0,1,1,1,0,1,1
415,192.8773090839386,0.2835033578881324,16.15469523389028,302.12999999999994,97.0,1,1,1,0,1,1,1,1,0,0,0,0,0,0,1,1,1,1,1
416,193.0289580821991,0.2835033578881324,16.871191876002143,302.12999999999994,96.0,1,1,1,0,1,1,1,1,0,0,0,0,0,0,1,1,0,1,1
524288,976.4318928718567,0.2835033578881324,-9999.0,-9999.0,-9999.0,-1,-1,-1,-1,-1,-1,-1,-1,-1,-1,-1,-1,-1,-1,-1,-1,-1,-1,-1
