Bus,Load (MW),Capacity (MW),type,Pd,Qd,Gs,Bs,area,Vm,Va,baseKV,zone,Vmax,Vmin,lam_P,lam_Q,mu_Vmax,mu_Vmin
1,0,0,1,0,0,0,0,1,1.0121594,-10.768348,138,2,1.1,0.9,24.44,-0.01,0,0
2,42.8,0,1,42.8,11.41,0,0,1,1.0115797,-10.840156,138,2,1.1,0.9,24.44,-0.01,0,0
3,0,0,1,0,0,0,0,1,1.0062303,-12.071857,138,2,1.1,0.9,24.44,0,0,0
4,132.69,0,1,132.69,35.38,0,0,1,1.0040662,-12.322717,138,2,1.1,0.9,24.44,0,0,0
5,0,0,1,0,0,0,0,1,1.0146988,-1.264301,138,1,1.1,0.9,12.68,0.76,0,0
6,3.21,0,1,3.21,0.86,0,0,1,1.0146511,-1.270407,138,1,1.1,0.9,12.68,0.76,0,0
7,0,0,1,0,0,0,0,1,1.0338633,-6.93107,345,2,1.1,0.9,24.44,0,0,0
8,0,0,1,0,0,0,0,1,1.0269631,-8.712158,138,2,1.1,0.9,24.44,0,0,0
9,0,771.8,2,0,0,0,0,1,1.04,-4.132565,13.8,2,1.1,0.9,24.44,0,0,0
10,0,0,1,0,0,0,0,1,1.0167054,-13.818521,138,2,1.1,0.9,24.42,-0.03,0,0
11,2.47,0,1,2.47,0.66,0,0,1,1.0166687,-13.822668,138,2,1.1,0.9,24.42,-0.03,0,0
12,0,0,1,0,0,0,0,1,0.9918009,-14.544799,138,1,1.1,0.9,24.25,-0.01,0,0
13,37.16,0,1,37.16,9.91,0,0,1,0.9912534,-14.609077,138,1,1.1,0.9,24.25,-0.01,0,0
14,0,0,1,0,0,0,0,1,1.0300871,-3.407512,345,1,1.1,0.9,24.13,0,0,0
15,0,0,1,0,0,0,0,1,1.0213804,-6.028249,138,1,1.1,0.9,24.13,0,0,0
16,0,444.45,2,0,0,0,0,1,1.04,-0.563895,13.8,1,1.1,0.9,24.13,0,0,0
17,0,888.9,3,0,0,0,0,1,1.04,0,13.8,1,1.1,0.9,24.13,0,0,0
18,0,157.6,2,0,0,0,0,1,1.04,0.891476,13.8,1,1.1,0.9,24.13,0,0,0
19,0,0,1,0,0,0,0,1,1.0183477,-14.29614,138,2,1.1,0.9,24.39,-0.01,0,0
20,4.54,0,1,4.54,1.21,0,0,1,1.0182774,-14.305529,138,2,1.1,0.9,24.39,-0.01,0,0
21,0,0,1,0,0,0,0,1,1.00952,-12.34143,138,2,1.1,0.9,24.43,-0.01,0,0
22,148.7,0,1,148.7,39.65,0,0,1,1.0073941,-12.594211,138,2,1.1,0.9,24.43,-0.01,0,0
23,0,0,1,0,0,0,0,1,1.027297,-7.930431,345,1,1.1,0.9,23.93,0.01,0,0
24,0,0,1,0,0,0,0,1,1.0123427,-10.816709,138,1,1.1,0.9,23.95,0.01,0,0
25,2.28,0,1,2.28,0.61,0,0,1,1.0123071,-10.821133,138,1,1.1,0.9,23.95,0.01,0,0
26,21.66,0,1,21.66,5.78,0,0,1,1.0120091,-10.860073,138,1,1.1,0.9,23.95,0.01,0,0
27,0,0,1,0,0,0,50,1,1.0131877,-16.550327,138,1,1.1,0.9,24.77,-0.19,0,0
28,62.93,0,1,62.93,16.78,0,0,1,1.0121009,-16.683236,138,1,1.1,0.9,24.77,-0.19,0,0
29,0,0,1,0,0,0,0,1,1.0094314,-14.585453,138,2,1.1,0.9,24.44,-0.01,0,0
30,99.97,0,1,99.97,26.66,0,0,1,1.0079428,-14.761896,138,2,1.1,0.9,24.44,-0.01,0,0
31,0,0,1,0,0,0,100,1,1.0324536,-17.056434,138,2,1.1,0.9,24.36,0,0,0
32,9.76,0,1,9.76,2.6,0,0,1,1.0323079,-17.07356,138,2,1.1,0.9,24.36,0,0,0
33,0,0,1,0,0,0,0,1,1.0062025,-15.223413,138,2,1.1,0.9,24.41,-0.02,0,0
34,25,0,1,25,6.67,0,0,1,1.0058294,-15.267528,138,2,1.1,0.9,24.41,-0.02,0,0
35,0,0,1,0,0,0,0,1,1.0176565,-15.888312,138,2,1.1,0.9,24.35,0,0,0
36,43.35,0,1,43.35,11.56,0,0,1,1.0170629,-15.957294,138,2,1.1,0.9,24.35,0,0,0
37,0,0,1,0,0,0,0,1,1.019326,-0.912831,138,1,1.1,0.9,19.19,0.49,0,0
38,0.13,0,1,0.13,0.03,0,0,1,1.019324,-0.913092,138,1,1.1,0.9,19.19,0.49,0,0
39,0,0,1,0,0,0,0,1,1.029536,-7.806151,345,1,1.1,0.9,23.85,0.01,0,0
40,0,0,1,0,0,0,0,1,1.0230801,-9.013592,138,1,1.1,0.9,23.86,0.02,0,0
41,57.99,0,1,57.99,15.46,0,0,1,1.0221263,-9.13288,138,1,1.1,0.9,23.86,0.02,0,0
42,0,0,1,0,0,0,0,1,1.0241182,-13.629013,138,2,1.1,0.9,24.33,0,0,0
43,4.46,0,1,4.46,1.19,0,0,1,1.0240584,-13.636262,138,2,1.1,0.9,24.33,0,0,0
44,0,0,1,0,0,0,0,1,1.0183376,-9.780178,138,2,1.1,0.9,24.44,-0.01,0,0
45,2.03,0,1,2.03,0.54,0,0,1,1.0183043,-9.784337,138,2,1.1,0.9,24.44,-0.01,0,0
46,0,0,1,0,0,0,0,1,1.0041544,-13.176609,138,1,1.1,0.9,23.91,0.01,0,0
47,43.41,0,1,43.41,11.58,0,0,1,1.0034945,-13.257904,138,1,1.1,0.9,23.91,0.01,0,0
48,0,0,1,0,0,0,0,1,1.0009431,-17.76377,138,1,1.1,0.9,24.23,0,0,0
49,0,1.3,2,0,0,0,0,1,1.002792,-17.561683,13.8,1,1.1,0.9,24.23,0,0,0
50,0,2.6,2,0,0,0,0,1,1.0030954,-17.52604,13.8,1,1.1,0.9,24.23,0,0,0
51,0.35,0,1,0.35,0.09,0,0,1,1.0009373,-17.764478,138,1,1.1,0.9,24.23,0,0,0
52,23.39,0,1,23.39,6.24,0,0,1,1.0005895,-17.806277,138,1,1.1,0.9,24.23,0,0,0
53,0,0,1,0,0,0,0,1,1.0165292,-13.251455,138,2,1.1,0.9,24.44,-0.01,0,0
54,34.81,0,1,34.81,9.28,0,0,1,1.0160159,-13.307067,138,2,1.1,0.9,24.44,-0.01,0,0
55,0,0,1,0,0,0,0,1,1.0191294,-13.193049,138,1,1.1,0.9,24.3,-0.01,0,0
56,2.25,0,1,2.25,0.6,0,0,1,1.0190957,-13.19695,138,1,1.1,0.9,24.3,-0.01,0,0
57,0,0,1,0,0,0,0,1,1.0102301,-9.631096,345,1,1.1,0.9,24.22,0,0,0
58,0,0,1,0,0,0,0,1,1.0019704,-12.45089,138,1,1.1,0.9,24.23,-0.01,0,0
59,140.94,0,1,140.94,37.58,0,0,1,0.9996353,-12.747819,138,1,1.1,0.9,24.23,-0.01,0,0
60,0,0,1,0,0,0,0,1,1.0195458,-9.574278,138,1,1.1,0.9,23.87,0.02,0,0
61,0.2,0,1,0.2,0.05,0,0,1,1.0195429,-9.574657,138,1,1.1,0.9,23.87,0.02,0,0
62,0,0,1,0,0,0,0,1,1.0098039,-11.911949,138,1,1.1,0.9,24.44,0,0,0
63,0,3.2,2,0,0,0,0,1,1.0098039,-11.911949,13.8,1,1.1,0.9,24.44,0,0,0
64,34.78,0,1,34.78,9.27,0,0,1,1.0092747,-11.972508,138,1,1.1,0.9,24.44,0,0,0
65,0,0,1,0,0,0,0,1,1.0253984,-10.657074,345,1,1.1,0.9,24.31,-0.01,0,0
66,0,0,1,0,0,0,0,1,1.0213047,-12.355135,138,1,1.1,0.9,24.3,-0.01,0,0
67,4.57,0,1,4.57,1.22,0,0,1,1.021235,-12.363122,138,1,1.1,0.9,24.3,-0.01,0,0
68,0,0,1,0,0,0,0,1,1.0095454,-13.55949,138,1,1.1,0.9,25.04,-0.25,0,0
69,16.96,0,1,16.96,4.52,0,0,1,1.0092536,-13.595925,138,1,1.1,0.9,25.04,-0.25,0,0
70,0,0,1,0,0,0,0,1,0.9952003,-14.853739,138,1,1.1,0.9,24.33,-0.03,0,0
71,0,4,2,0,0,0,0,1,0.9959298,-14.751248,13.8,1,1.1,0.9,24.33,-0.03,0,0
72,0,2,2,0,0,0,0,1,0.9963709,-14.687687,13.8,1,1.1,0.9,24.33,-0.03,0,0
73,0,1.4,2,0,0,0,0,1,0.996844,-14.636919,13.8,1,1.1,0.9,24.33,-0.03,0,0
74,0,0,1,0,0,0,0,1,1.0250334,-16.893698,138,2,1.1,0.9,24.36,-0.01,0,0
75,5.3,0,1,5.3,1.41,0,0,1,1.0249571,-16.9029,138,2,1.1,0.9,24.36,-0.01,0,0
76,0,0,1,0,0,0,0,1,1.017795,-0.028885,138,1,1.1,0.9,17.72,0.58,0,0
77,6.95,0,1,6.95,1.85,0,0,1,1.0176872,-0.04091,138,1,1.1,0.9,17.72,0.58,0,0
78,0,0,1,0,0,0,0,1,1.0126457,-8.449181,138,1,1.1,0.9,24.15,0,0,0
79,0.38,0,1,0.38,0.1,0,0,1,1.0126401,-8.449844,138,1,1.1,0.9,24.15,0,0,0
80,0,0,1,0,0,0,0,1,1.0318766,-10.20359,345,2,1.1,0.9,24.32,0,0,0
81,0,0,1,0,0,0,0,1,1.0261976,-12.787872,138,2,1.1,0.9,24.33,0,0,0
82,0,361.9,2,0,0,0,0,1,1.04,-4.187069,13.8,2,1.1,0.9,24.32,0,0,0
83,0,0,1,0,0,0,0,1,1.0042842,-15.618602,138,2,1.1,0.9,24.42,-0.02,0,0
84,61.41,0,1,61.41,16.38,0,0,1,1.0032952,-15.7403,138,2,1.1,0.9,24.42,-0.02,0,0
85,0,0,1,0,0,0,0,1,1.0261471,-15.871977,138,2,1.1,0.9,24.37,-0.01,0,0
86,17.59,0,1,17.59,4.69,0,0,1,1.0258566,-15.907664,138,2,1.1,0.9,24.37,-0.01,0,0
87,0,0,1,0,0,0,0,1,1.0010163,0.765842,138,1,1.1,0.9,3.92,-0.64,0,0
88,5.25,0,1,5.25,1.4,0,0,1,1.0009336,0.755621,138,1,1.1,0.9,3.92,-0.64,0,0
89,0,0,1,0,0,0,0,1,1.0178037,-11.12825,138,2,1.1,0.9,24.44,-0.01,0,0
90,5.9,0,1,5.9,1.57,0,0,1,1.0177118,-11.14038,138,2,1.1,0.9,24.44,-0.01,0,0
91,0,0,1,0,0,0,0,1,1.0117544,-7.578928,138,1,1.1,0.9,24.14,0,0,0
92,65.03,0,1,65.03,17.34,0,0,1,1.0107636,-7.705162,138,1,1.1,0.9,24.14,0,0,0
93,0,0,1,0,0,0,0,1,1.0153922,-6.433699,138,2,1.1,0.9,25.59,-0.36,0,0
94,5.21,0,1,5.21,1.39,0,0,1,1.0153197,-6.442794,138,2,1.1,0.9,25.59,-0.36,0,0
95,0,0,1,0,0,0,0,1,1.0121742,-7.546726,138,1,1.1,0.9,24.14,0,0,0
96,34,0,1,34,9.07,0,0,1,1.011693,-7.605762,138,1,1.1,0.9,24.14,0,0,0
97,0,0,1,0,0,0,0,1,1.0046514,-18.177695,138,1,1.1,0.9,24.21,0,0,0
98,37.09,0,1,37.09,9.89,0,0,1,1.0040476,-18.258479,138,1,1.1,0.9,24.21,0,0,0
99,0,0,1,0,0,0,0,1,1.0221931,-9.163343,138,1,1.1,0.9,24.04,0,0,0
100,13.52,0,1,13.52,3.61,0,0,1,1.02198,-9.188916,138,1,1.1,0.9,24.04,0,0,0
101,0.89,0,1,0.89,0.24,0,0,1,1.0221794,-9.164861,138,1,1.1,0.9,24.04,0,0,0
102,0,0,1,0,0,0,0,1,1.0029364,-16.615939,138,1,1.1,0.9,24.27,-0.01,0,0
103,38.8,0,1,38.8,10.35,0,0,1,1.0022978,-16.697995,138,1,1.1,0.9,24.27,-0.01,0,0
104,0,0,1,0,0,0,0,1,1.0184026,-17.457678,138,2,1.1,0.9,24.35,0,0,0
105,80.33,0,1,80.33,21.42,0,0,1,1.0170774,-17.616391,138,2,1.1,0.9,24.35,0,0,0
106,0,0,1,0,0,0,0,1,1.0202726,-14.781528,138,2,1.1,0.9,24.36,-0.01,0,0
107,16.01,0,1,16.01,4.27,0,0,1,1.0200482,-14.80843,138,2,1.1,0.9,24.36,-0.01,0,0
108,0,0,1,0,0,0,0,1,1.0151317,-10.097752,138,1,1.1,0.9,23.94,0.01,0,0
109,47.58,0,1,47.58,12.69,0,0,1,1.0144458,-10.172782,138,1,1.1,0.9,23.94,0.01,0,0
110,0,0,1,0,0,0,50,1,1.0272383,-4.906973,138,1,1.1,0.9,15.68,0.78,0,0
111,62.29,0,1,62.29,16.61,0,0,1,1.0263161,-5.027748,138,1,1.1,0.9,15.68,0.78,0,0
112,0,0,1,0,0,0,0,1,1.0140803,-13.767323,138,2,1.1,0.9,24.41,-0.01,0,0
113,45.99,0,1,45.99,12.26,0,0,1,1.0134095,-13.842899,138,2,1.1,0.9,24.41,-0.01,0,0
114,0,0,1,0,0,0,0,1,1.0191486,-16.294584,138,2,1.1,0.9,24.35,0,0,0
115,5.06,0,1,5.06,1.35,0,0,1,1.019079,-16.30359,138,2,1.1,0.9,24.35,0,0,0
116,3.1,0,1,3.1,0.83,0,0,1,1.0191056,-16.300185,138,2,1.1,0.9,24.35,0,0,0
117,0,0,1,0,0,0,0,1,1.0045114,-13.926792,138,1,1.1,0.9,24.39,-0.04,0,0
118,8.83,0,1,8.83,2.36,0,0,1,1.0043653,-13.94526,138,1,1.1,0.9,24.39,-0.04,0,0
119,0,0,1,0,0,0,0,1,0.9870946,-15.396824,138,1,1.1,0.9,24.19,-0.01,0,0
120,31.65,0,1,31.65,8.44,0,0,1,0.9866541,-15.451021,138,1,1.1,0.9,24.19,-0.01,0,0
121,0,0,1,0,0,0,0,1,1.0129046,-13.971263,138,2,1.1,0.9,24.44,-0.01,0,0
122,53.36,0,1,53.36,14.23,0,0,1,1.0120693,-14.081572,138,2,1.1,0.9,24.44,-0.01,0,0
123,0,0,1,0,0,0,0,1,1.0300843,-3.755483,345,1,1.1,0.9,24.15,0,0,0
124,0,0,1,0,0,0,0,1,1.0276461,-4.458626,138,1,1.1,0.9,24.15,0,0,0
125,0,162,2,0,0,0,0,1,1.0300843,-3.755483,13.8,1,1.1,0.9,24.15,0,0,0
126,0,162,2,0,0,0,0,1,1.0300843,-3.755483,13.8,1,1.1,0.9,24.15,0,0,0
127,0,162,2,0,0,0,0,1,1.04,0.394755,13.8,1,1.1,0.9,24.15,0,0,0
128,0,162,2,0,0,0,0,1,1.0395249,-2.386765,13.8,1,1.1,0.9,24.15,0,0,0
129,0,0,1,0,0,0,0,1,0.9842018,-15.914608,138,1,1.1,0.9,24.23,-0.01,0,0
130,103.24,0,1,103.24,27.53,0,0,1,0.9825607,-16.100251,138,1,1.1,0.9,24.23,-0.01,0,0
131,0,0,1,0,0,0,0,1,1.0202588,-9.44535,138,1,1.1,0.9,23.86,0.02,0,0
132,25.2,0,1,25.2,6.72,0,0,1,1.0198539,-9.49303,138,1,1.1,0.9,23.86,0.02,0,0
133,0,0,1,0,0,0,0,1,1.0129048,-7.505509,138,1,1.1,0.9,24.14,0,0,0
134,42.65,0,1,42.65,11.37,0,0,1,1.0123408,-7.575691,138,1,1.1,0.9,24.14,0,0,0
135,0,0,1,0,0,0,0,1,1.0152678,-11.328869,138,2,1.1,0.9,24.44,-0.01,0,0
136,26.76,0,1,26.76,7.14,0,0,1,1.0148653,-11.381154,138,2,1.1,0.9,24.44,-0.01,0,0
137,0,0,1,0,0,0,0,1,1.0068193,-14.045005,138,1,1.1,0.9,24.43,-0.04,0,0
138,78.71,0,1,78.71,20.99,0,0,1,1.0055899,-14.207124,138,1,1.1,0.9,24.43,-0.04,0,0
139,0,0,1,0,0,0,0,1,1.015832,-10.108334,138,1,1.1,0.9,23.88,0.02,0,0
140,0.26,0,1,0.26,0.07,0,0,1,1.0158284,-10.108762,138,1,1.1,0.9,23.88,0.02,0,0
141,0,0,1,0,0,0,50,1,1.0005818,-2.499145,138,1,1.1,0.9,39.7,-3.24,0,0
142,161.34,0,1,161.34,43.02,0,0,1,0.997985,-2.798498,138,1,1.1,0.9,39.7,-3.24,0,0
143,0,0,1,0,0,0,0,1,1.0187768,6.50236,138,1,1.1,0.9,8.2,-0.09,0,0
144,0,602.55,2,0,0,0,0,1,1.04,19.035856,13.8,1,1.1,0.9,8.36,0,0,0
145,0,602.55,2,0,0,0,0,1,1.04,9.200971,13.8,1,1.1,0.9,8.26,0,0,0
146,0,0,1,0,0,0,0,1,1.0287905,-7.881098,345,2,1.1,0.9,24.46,-0.02,0,0
147,0,0,1,0,0,0,0,1,1.0171175,-8.557608,138,2,1.1,0.9,24.86,-0.13,0,0
148,57.42,0,1,57.42,15.31,0,0,1,1.0161874,-8.677833,138,2,1.1,0.9,24.86,-0.13,0,0
149,0,0,1,0,0,0,0,1,1.0220666,-13.723278,138,2,1.1,0.9,24.33,0,0,0
150,1.5,0,1,1.5,0.4,0,0,1,1.0220421,-13.726173,138,2,1.1,0.9,24.33,0,0,0
151,0,0,1,0,0,0,0,1,1.0281863,-8.035489,345,1,1.1,0.9,23.9,0.01,0,0
152,0,0,1,0,0,0,70,1,1.0273611,-10.434389,138,1,1.1,0.9,23.9,0.01,0,0
153,93.15,0,1,93.15,24.84,0,0,1,1.0261234,-10.584818,138,1,1.1,0.9,23.9,0.01,0,0
154,0,0,1,0,0,0,0,1,1.0102266,-10.979578,138,1,1.1,0.9,23.88,0.02,0,0
155,66.84,0,1,66.84,17.82,0,0,1,1.0093414,-11.087115,138,1,1.1,0.9,23.88,0.02,0,0
156,0,0,1,0,0,0,0,1,0.9894442,-14.616821,138,1,1.1,0.9,23.91,0.01,0,0
157,105.45,0,1,105.45,28.12,0,0,1,0.9877808,-14.828219,138,1,1.1,0.9,23.91,0.01,0,0
158,0,0,1,0,0,0,0,1,1.0108477,-13.532131,138,2,1.1,0.9,24.44,-0.01,0,0
159,22.85,0,1,22.85,6.09,0,0,1,1.0104779,-13.579723,138,2,1.1,0.9,24.44,-0.01,0,0
160,0,0,1,0,0,0,0,1,1.019849,-15.042923,138,2,1.1,0.9,24.34,0,0,0
161,25.95,0,1,25.95,6.92,0,0,1,1.019465,-15.091831,138,2,1.1,0.9,24.34,0,0,0
162,0,0,1,0,0,0,0,1,1.0290799,-7.842996,345,2,1.1,0.9,24.44,-0.01,0,0
163,0,0,1,0,0,0,0,1,1.0251989,-8.622978,138,2,1.1,0.9,24.44,-0.01,0,0
164,98.15,0,1,98.15,26.17,0,0,1,1.0235494,-8.827381,138,2,1.1,0.9,24.44,-0.01,0,0
165,0,0,1,0,0,0,0,1,1.0303877,-3.402552,345,1,1.1,0.9,24.15,0,0,0
166,0,0,1,0,0,0,0,1,1.024584,-4.970343,138,1,1.1,0.9,24.14,0,0,0
167,0,193.5,2,0,0,0,0,1,1.04,-1.181749,13.8,1,1.1,0.9,24.15,0,0,0
168,0,193.5,2,0,0,0,0,1,1.04,0.266644,13.8,1,1.1,0.9,24.15,0,0,0
169,0,387,2,0,0,0,0,1,1.04,1.888281,13.8,1,1.1,0.9,24.15,0,0,0
170,0,0,1,0,0,0,0,1,1.0116907,-7.684683,138,1,1.1,0.9,24.14,0,0,0
171,12.38,0,1,12.38,3.3,0,0,1,1.0115047,-7.709885,138,1,1.1,0.9,24.14,0,0,0
172,0,0,1,0,0,0,0,1,1.0049781,-12.79909,138,1,1.1,0.9,24.92,-0.19,0,0
173,3.14,0,1,3.14,0.84,0,0,1,1.004931,-12.804343,138,1,1.1,0.9,24.92,-0.19,0,0
174,7.3,0,1,7.3,1.95,0,0,1,1.0048766,-12.811037,138,1,1.1,0.9,24.92,-0.19,0,0
175,0,0,1,0,0,0,0,1,1.0339354,-3.550348,345,1,1.1,0.9,23.72,0.07,0,0
176,0,0,1,0,0,0,0,1,1.0230476,-2.722604,138,1,1.1,0.9,22.2,0.18,0,0
177,8.78,0,1,8.78,2.34,0,0,1,1.0229161,-2.739433,138,1,1.1,0.9,22.2,0.18,0,0
178,6.81,0,1,6.81,1.82,0,0,1,1.0229459,-2.733694,138,1,1.1,0.9,22.2,0.18,0,0
179,0,0,1,0,0,0,0,1,1.0042483,-14.756946,138,2,1.1,0.9,24.44,-0.01,0,0
180,14.14,0,1,14.14,3.77,0,0,1,1.0040265,-14.781985,138,2,1.1,0.9,24.44,-0.01,0,0
181,0,0,1,0,0,0,60,1,1.0112149,-17.97497,138,1,1.1,0.9,24.2,0,0,0
182,82.61,0,1,82.61,22.03,0,0,1,1.009884,-18.139381,138,1,1.1,0.9,24.2,0,0,0
183,0,0,1,0,0,0,0,1,1.0248361,-6.66188,138,1,1.1,0.9,19.1,0.43,0,0
184,30.18,0,1,30.18,8.05,0,0,1,1.0244398,-6.709043,138,1,1.1,0.9,19.1,0.43,0,0
185,0,0,1,0,0,0,0,1,1.009542,-9.259349,138,1,1.1,0.9,24.14,0,0,0
186,45.35,0,1,45.35,12.09,0,0,1,1.0089212,-9.333731,138,1,1.1,0.9,24.14,0,0,0
187,0,0,1,0,0,0,0,1,1.0171045,-11.513978,138,2,1.1,0.9,24.44,-0.01,0,0
188,11.05,0,1,11.05,2.95,0,0,1,1.0169406,-11.532133,138,2,1.1,0.9,24.44,-0.01,0,0
189,0,0,1,0,0,0,0,1,1.0278199,-17.179459,138,2,1.1,0.9,24.36,-0.01,0,0
190,14.07,0,1,14.07,3.75,0,0,1,1.0276155,-17.201031,138,2,1.1,0.9,24.36,-0.01,0,0
191,0,0,1,0,0,0,0,1,1.0196265,-15.768651,138,2,1.1,0.9,24.35,0,0,0
192,16.44,0,1,16.44,4.38,0,0,1,1.0193542,-15.801108,138,2,1.1,0.9,24.35,0,0,0
193,0,0,1,0,0,0,0,1,1.0153022,-14.252592,138,2,1.1,0.9,24.4,-0.01,0,0
194,28.69,0,1,28.69,7.65,0,0,1,1.0148183,-14.310301,138,2,1.1,0.9,24.4,-0.01,0,0
195,0,0,1,0,0,0,0,1,1.029082,-7.870717,345,2,1.1,0.9,24.45,-0.01,0,0
196,0,0,1,0,0,0,0,1,1.0196956,-10.12389,138,2,1.1,0.9,24.44,-0.01,0,0
197,0,293.6,2,0,0,0,0,1,1.04,-3.003092,13.8,2,1.1,0.9,24.45,0,0,0
198,0,207.3,2,0,0,0,0,1,1.04,-5.456007,13.8,2,1.1,0.9,24.45,0,0,0
199,86.39,0,1,86.39,23.04,0,0,1,1.0183547,-10.272974,138,2,1.1,0.9,24.44,-0.01,0,0
200,0,0,1,0,0,0,0,1,1.0206965,-9.381187,138,2,1.1,0.9,24.44,-0.01,0,0
201,8.89,0,1,8.89,2.37,0,0,1,1.020563,-9.395812,138,2,1.1,0.9,24.44,-0.01,0,0
202,0,0,1,0,0,0,0,1,1.0022863,-12.303216,138,1,1.1,0.9,25.22,-0.27,0,0
203,4.69,0,1,4.69,1.25,0,0,1,1.002211,-12.312433,138,1,1.1,0.9,25.22,-0.27,0,0
204,45.67,0,1,45.67,12.18,0,0,1,1.0015598,-12.400743,138,1,1.1,0.9,25.22,-0.27,0,0
205,0,0,1,0,0,0,0,1,1.0217148,-16.68876,138,2,1.1,0.9,24.35,0,0,0
206,3.01,0,1,3.01,0.8,0,0,1,1.0216747,-16.693517,138,2,1.1,0.9,24.35,0,0,0
207,22.57,0,1,22.57,6.02,0,0,1,1.0213521,-16.732462,138,2,1.1,0.9,24.35,0,0,0
208,0,0,1,0,0,0,80,1,1.0073039,-16.452055,138,1,1.1,0.9,24.39,-0.06,0,0
209,81.85,0,1,81.85,21.83,0,0,1,1.0061008,-16.612354,138,1,1.1,0.9,24.39,-0.06,0,0
210,0,0,1,0,0,0,0,1,1.0030885,-12.198675,138,1,1.1,0.9,23.94,0.01,0,0
211,34.28,0,1,34.28,9.14,0,0,1,1.0025107,-12.269021,138,1,1.1,0.9,23.94,0.01,0,0
212,0,0,1,0,0,0,0,1,1.0200216,-14.860628,138,2,1.1,0.9,24.34,0,0,0
213,97.48,0,1,97.48,26,0,0,1,1.0184746,-15.049764,138,2,1.1,0.9,24.34,0,0,0
214,0,0,1,0,0,0,0,1,1.0038818,-14.888695,138,1,1.1,0.9,24.43,-0.04,0,0
215,84.48,0,1,84.48,22.53,0,0,1,1.0025328,-15.064666,138,1,1.1,0.9,24.43,-0.04,0,0
216,0,0,1,0,0,0,0,1,0.9909531,-15.191861,138,1,1.1,0.9,24.3,-0.02,0,0
217,55.1,0,1,55.1,14.69,0,0,1,0.9901535,-15.287399,138,1,1.1,0.9,24.3,-0.02,0,0
218,0,0,1,0,0,0,0,1,1.0265297,-15.614815,138,2,1.1,0.9,24.35,0,0,0
219,0.33,0,1,0.33,0.09,0,0,1,1.0265246,-15.615449,138,2,1.1,0.9,24.35,0,0,0
220,0,0,1,0,0,0,0,1,1.0358491,-3.894841,345,1,1.1,0.9,24.34,-0.02,0,0
221,0,0,1,0,0,0,0,1,1.0199749,-7.173621,138,1,1.1,0.9,26.15,-0.42,0,0
222,0,5.2,2,0,0,0,0,1,1.0363015,-3.833602,13.8,1,1.1,0.9,24.34,-0.02,0,0
223,0,18,2,0,0,0,0,1,1.0379743,-3.603247,13.8,1,1.1,0.9,24.34,-0.02,0,0
224,0,511.2,2,0,0,0,0,1,1.04,-0.630202,13.8,1,1.1,0.9,24.34,0,0,0
225,0,514.8,2,0,0,0,0,1,1.04,-2.197638,13.8,1,1.1,0.9,24.34,0,0,0
226,0,0,1,0,0,0,0,1,1.0121488,-7.685244,138,1,1.1,0.9,24.14,0,0,0
227,5.42,0,1,5.42,1.45,0,0,1,1.0120652,-7.694859,138,1,1.1,0.9,24.14,0,0,0
228,0,0,1,0,0,0,0,1,1.0007991,-10.084482,138,1,1.1,0.9,24.1,0,0,0
229,54.09,0,1,54.09,14.42,0,0,1,0.9999607,-10.190763,138,1,1.1,0.9,24.1,0,0,0
230,0,0,1,0,0,0,0,1,1.0106816,-12.800754,138,1,1.1,0.9,24.17,0,0,0
231,0,2.9,2,0,0,0,0,1,1.0132903,-12.497264,13.8,1,1.1,0.9,24.17,0,0,0
232,0,0,1,0,0,0,0,1,1.0291859,-8.750481,345,2,1.1,0.9,24.44,-0.01,0,0
233,0,0,1,0,0,0,0,1,1.0189285,-12.07566,138,2,1.1,0.9,24.44,-0.01,0,0
234,59.96,0,1,59.96,15.99,0,0,1,1.0180658,-12.183893,138,2,1.1,0.9,24.44,-0.01,0,0
235,0,0,1,0,0,0,0,1,1.0297044,-12.607399,345,2,1.1,0.9,24.35,0,0,0
236,0,0,1,0,0,0,0,1,1.0223514,-13.837274,138,2,1.1,0.9,24.37,-0.01,0,0
237,2.71,0,1,2.71,0.72,0,0,1,1.0223092,-13.841976,138,2,1.1,0.9,24.37,-0.01,0,0
238,0,0,1,0,0,0,0,1,1.0159596,-11.79559,138,1,1.1,0.9,23.9,0.01,0,0
239,39.13,0,1,39.13,10.44,0,0,1,1.0153893,-11.871265,138,1,1.1,0.9,23.9,0.01,0,0
240,0,0,1,0,0,0,0,1,1.0231089,-16.558732,138,2,1.1,0.9,24.37,-0.01,0,0
241,19.74,0,1,19.74,5.26,0,0,1,1.0227994,-16.600225,138,2,1.1,0.9,24.37,-0.01,0,0
242,0,0,1,0,0,0,70,1,1.0199506,-15.952274,138,2,1.1,0.9,24.44,-0.01,0,0
243,74.47,0,1,74.47,19.86,0,0,1,1.0187828,-16.097661,138,2,1.1,0.9,24.44,-0.01,0,0
244,0,0,1,0,0,0,0,1,1.0080457,-13.013874,138,1,1.1,0.9,24.69,-0.12,0,0
245,11.83,0,1,11.83,3.16,0,0,1,1.0078768,-13.033852,138,1,1.1,0.9,24.69,-0.12,0,0
246,0,0,1,0,0,0,0,1,1.0315679,-7.569362,345,1,1.1,0.9,23.63,0.05,0,0
247,0,0,1,0,0,0,0,1,1.02609,-6.866485,138,1,1.1,0.9,20.09,0.29,0,0
248,0,133.2,2,0,0,0,0,1,1.0315679,-7.569362,13.8,1,1.1,0.9,23.63,0.05,0,0
249,0,133.2,2,0,0,0,0,1,1.0315679,-7.569362,13.8,1,1.1,0.9,23.63,0.05,0,0
250,0,532.8,2,0,0,0,0,1,1.0315679,-7.569362,13.8,1,1.1,0.9,23.63,0.05,0,0
251,0,0,1,0,0,0,0,1,0.9904267,-14.766683,138,1,1.1,0.9,24.03,0.01,0,0
252,118.68,0,1,118.68,31.65,0,0,1,0.9883863,-15.022792,138,1,1.1,0.9,24.03,0.01,0,0
253,0,0,1,0,0,0,0,1,0.9906966,-14.794733,138,1,1.1,0.9,24.17,-0.01,0,0
254,0,4.1,2,0,0,0,0,1,0.9906966,-14.794733,13.8,1,1.1,0.9,24.17,-0.01,0,0
255,0,3.3,2,0,0,0,0,1,0.9906966,-14.794733,13.8,1,1.1,0.9,24.17,-0.01,0,0
256,0,2.9,2,0,0,0,0,1,0.9906966,-14.794733,13.8,1,1.1,0.9,24.17,-0.01,0,0
257,0,5.4,2,0,0,0,0,1,0.9906966,-14.794733,13.8,1,1.1,0.9,24.17,-0.01,0,0
258,0,1.1,2,0,0,0,0,1,0.9921359,-14.631266,13.8,1,1.1,0.9,24.17,-0.01,0,0
259,8.16,0,1,8.16,2.18,0,0,1,0.9905642,-14.810955,138,1,1.1,0.9,24.17,-0.01,0,0
260,0,0,1,0,0,0,0,1,1.0255132,-4.808914,138,1,1.1,0.9,24.14,0,0,0
261,18.68,0,1,18.68,4.98,0,0,1,1.0252472,-4.841116,138,1,1.1,0.9,24.14,0,0,0
262,0,0,1,0,0,0,0,1,1.028499,-9.027102,345,2,1.1,0.9,24.44,-0.01,0,0
263,0,0,1,0,0,0,120,1,1.0224478,-13.257732,138,2,1.1,0.9,24.44,-0.01,0,0
264,0,39.2,2,0,0,0,0,1,1.028499,-9.027102,13.8,2,1.1,0.9,24.44,-0.01,0,0
265,0,10.6,2,0,0,0,0,1,1.028499,-9.027102,13.8,2,1.1,0.9,24.44,-0.01,0,0
266,61.78,0,1,61.78,16.48,0,0,1,1.0215515,-13.367998,138,2,1.1,0.9,24.44,-0.01,0,0
267,0,0,1,0,0,0,0,1,1.0158874,-18.246617,138,2,1.1,0.9,24.35,0,0,0
268,117.15,0,1,117.15,31.24,0,0,1,1.0141983,-18.470761,138,2,1.1,0.9,24.35,0,0,0
269,0,0,1,0,0,0,0,1,1.0156147,-7.283146,138,2,1.1,0.9,25.33,-0.28,0,0
270,6.8,0,1,6.8,1.81,0,0,1,1.0155052,-7.297592,138,2,1.1,0.9,25.33,-0.28,0,0
271,0,0,1,0,0,0,0,1,1.0290681,-12.796963,345,2,1.1,0.9,24.36,0,0,0
272,0,0,1,0,0,0,0,1,1.0236391,-14.539826,138,2,1.1,0.9,24.37,-0.01,0,0
273,9.49,0,1,9.49,2.53,0,0,1,1.0234875,-14.559791,138,2,1.1,0.9,24.37,-0.01,0,0
274,0,0,1,0,0,0,0,1,1.0261895,-5.713892,138,1,1.1,0.9,17.25,0.64,0,0
275,0,101.2,2,0,0,0,0,1,1.0261895,-5.713892,13.8,1,1.1,0.9,17.25,0.64,0,0
276,0,0,1,0,0,0,0,1,1.0169299,-13.764542,138,2,1.1,0.9,24.44,-0.01,0,0
277,0.41,0,1,0.41,0.11,0,0,1,1.0169239,-13.765331,138,2,1.1,0.9,24.44,-0.01,0,0
278,5.77,0,1,5.77,1.54,0,0,1,1.0168416,-13.776398,138,2,1.1,0.9,24.44,-0.01,0,0
279,0,0,1,0,0,0,0,1,1.0019521,-11.256427,138,1,1.1,0.9,24.05,0,0,0
280,16.94,0,1,16.94,4.52,0,0,1,1.0016961,-11.28445,138,1,1.1,0.9,24.05,0,0,0
281,0,0,1,0,0,0,0,1,0.993673,-16.290384,138,1,1.1,0.9,24.21,0,0,0
282,117.3,0,1,117.3,31.28,0,0,1,0.9918865,-16.527233,138,1,1.1,0.9,24.21,0,0,0
283,0,0,1,0,0,0,0,1,1.0168088,-14.300977,138,2,1.1,0.9,24.38,-0.01,0,0
284,32.65,0,1,32.65,8.71,0,0,1,1.016259,-14.370063,138,2,1.1,0.9,24.38,-0.01,0,0
285,0,0,1,0,0,0,0,1,1.0092672,-14.564141,138,1,1.1,0.9,24.18,0,0,0
286,8.27,0,1,8.27,2.2,0,0,1,1.0091411,-14.578503,138,1,1.1,0.9,24.18,0,0,0
287,0,0,1,0,0,0,0,1,1.0143709,-12.57241,138,2,1.1,0.9,24.44,-0.01,0,0
288,58.11,0,1,58.11,15.5,0,0,1,1.0134945,-12.691679,138,2,1.1,0.9,24.44,-0.01,0,0
289,0,0,1,0,0,0,0,1,1.0180093,-6.49922,138,1,1.1,0.9,24.12,0,0,0
290,3.69,0,1,3.69,0.98,0,0,1,1.0179528,-6.506691,138,1,1.1,0.9,24.12,0,0,0
291,0,0,1,0,0,0,0,1,1.0074516,-14.210134,138,2,1.1,0.9,24.44,-0.01,0,0
292,7.62,0,1,7.62,2.03,0,0,1,1.0073427,-14.22332,138,2,1.1,0.9,24.44,-0.01,0,0
293,0,0,1,0,0,0,0,1,1.0189857,-14.975632,138,2,1.1,0.9,24.34,0,0,0
294,25.6,0,1,25.6,6.83,0,0,1,1.0186026,-15.019706,138,2,1.1,0.9,24.34,0,0,0
295,0,0,1,0,0,0,0,1,1.0098756,-12.116123,138,1,1.1,0.9,25.15,-0.27,0,0
296,7.79,0,1,7.79,2.08,0,0,1,1.009764,-12.130528,138,1,1.1,0.9,25.15,-0.27,0,0
297,0,0,1,0,0,0,0,1,1.0184798,-10.360935,345,1,1.1,0.9,24.29,-0.01,0,0
298,0,0,1,0,0,0,0,1,1.0155302,-11.821268,138,1,1.1,0.9,24.36,-0.02,0,0
299,14.57,0,1,14.57,3.88,0,0,1,1.0153135,-11.849521,138,1,1.1,0.9,24.36,-0.02,0,0
300,0,0,1,0,0,0,40,1,1.0052551,-4.728173,138,1,1.1,0.9,35.64,-2.66,0,0
301,0,2.9,2,0,0,0,0,1,1.0064142,-4.59659,13.8,1,1.1,0.9,35.65,-2.65,0,0
302,0,2.9,2,0,0,0,0,1,1.0064104,-4.602319,13.8,1,1.1,0.9,35.65,-2.65,0,0
303,86.76,0,1,86.76,23.14,0,0,1,1.0037703,-4.916585,138,1,1.1,0.9,35.63,-2.66,0,0
304,0,0,1,0,0,0,0,1,0.9852103,-15.62793,138,1,1.1,0.9,24.24,-0.01,0,0
305,0,1,2,0,0,0,0,1,0.9874891,-15.316977,13.8,1,1.1,0.9,24.24,-0.01,0,0
306,0,2.4,2,0,0,0,0,1,0.9876508,-15.277575,13.8,1,1.1,0.9,24.24,-0.01,0,0
307,76.04,0,1,76.04,20.28,0,0,1,0.98407,-15.777163,138,1,1.1,0.9,24.24,-0.01,0,0
308,0,0,1,0,0,0,0,1,1.0123136,-14.591511,138,1,1.1,0.9,24.29,-0.01,0,0
309,9.03,0,1,9.03,2.41,0,0,1,1.0121598,-14.6108,138,1,1.1,0.9,24.29,-0.01,0,0
310,0,0,1,0,0,0,50,1,1.0015518,-17.31631,138,1,1.1,0.9,24.21,0,0,0
311,43.83,0,1,43.83,11.69,0,0,1,1.0008615,-17.402043,138,1,1.1,0.9,24.21,0,0,0
312,0,0,1,0,0,0,0,1,1.0193147,-16.635405,138,2,1.1,0.9,24.35,0,0,0
313,12.44,0,1,12.44,3.32,0,0,1,1.0191068,-16.66151,138,2,1.1,0.9,24.35,0,0,0
314,0,0,1,0,0,0,0,1,1.00966,-13.041157,138,1,1.1,0.9,25.08,-0.26,0,0
315,0.43,0,1,0.43,0.11,0,0,1,1.0096542,-13.041875,138,1,1.1,0.9,25.08,-0.26,0,0
316,0,0,1,0,0,0,0,1,1.0193479,-2.817116,138,1,1.1,0.9,13.93,0.82,0,0
317,3.75,0,1,3.75,1,0,0,1,1.0192933,-2.823048,138,1,1.1,0.9,13.93,0.82,0,0
318,0,0,1,0,0,0,0,1,1.0214885,-3.719544,138,1,1.1,0.9,24.26,-0.13,0,0
319,0,42.3,2,0,0,0,0,1,1.0335965,-1.991927,13.8,1,1.1,0.9,24.27,-0.13,0,0
320,0,0,1,0,0,0,0,1,1.0098195,-16.112639,138,2,1.1,0.9,24.44,-0.01,0,0
321,150.42,0,1,150.42,40.11,0,0,1,1.0074312,-16.405063,138,2,1.1,0.9,24.44,-0.01,0,0
322,0,0,1,0,0,0,0,1,0.9971067,-14.270854,138,1,1.1,0.9,24.27,-0.02,0,0
323,45.27,0,1,45.27,12.07,0,0,1,0.9964301,-14.347442,138,1,1.1,0.9,24.27,-0.02,0,0
324,0,0,1,0,0,0,0,1,0.9880142,-15.476147,138,1,1.1,0.9,24.25,-0.02,0,0
325,103.46,0,1,103.46,27.59,0,0,1,0.9864059,-15.693239,138,1,1.1,0.9,24.25,-0.02,0,0
326,0,0,1,0,0,0,0,1,1.0140872,-14.946788,138,2,1.1,0.9,24.44,-0.01,0,0
327,121.07,0,1,121.07,32.28,0,0,1,1.0123797,-15.152255,138,2,1.1,0.9,24.44,-0.01,0,0
328,0,0,1,0,0,0,0,1,0.998439,-12.855872,138,1,1.1,0.9,24.18,0,0,0
329,26.02,0,1,26.02,6.94,0,0,1,0.9980834,-12.899052,138,1,1.1,0.9,24.18,0,0,0
330,0,0,1,0,0,0,0,1,1.0150802,-10.163426,138,1,1.1,0.9,23.88,0.02,0,0
331,57.17,0,1,57.17,15.25,0,0,1,1.014173,-10.282108,138,1,1.1,0.9,23.88,0.02,0,0
332,0,0,1,0,0,0,0,1,1.0293546,-7.731968,345,1,1.1,0.9,23.85,0.01,0,0
333,0,0,1,0,0,0,0,1,1.0205952,-9.351436,138,1,1.1,0.9,23.87,0.02,0,0
334,0.5,0,1,0.5,0.13,0,0,1,1.0205878,-9.352269,138,1,1.1,0.9,23.87,0.02,0,0
335,0.83,0,1,0.83,0.22,0,0,1,1.0205824,-9.352989,138,1,1.1,0.9,23.87,0.02,0,0
336,0,0,1,0,0,0,0,1,1.0157095,-5.023538,138,1,1.1,0.9,25.99,-0.47,0,0
337,5.67,0,1,5.67,1.51,0,0,1,1.0156199,-5.035366,138,1,1.1,0.9,25.99,-0.47,0,0
338,0,0,1,0,0,0,0,1,1.0111419,5.201778,138,1,1.1,0.9,7.83,-0.18,0,0
339,75.1,0,1,75.1,20.03,0,0,1,1.010004,5.055126,138,1,1.1,0.9,7.82,-0.18,0,0
340,0,0,1,0,0,0,0,1,1.0015628,-11.84901,138,1,1.1,0.9,23.98,0.01,0,0
341,24.22,0,1,24.22,6.46,0,0,1,1.0011648,-11.899981,138,1,1.1,0.9,23.98,0.01,0,0
342,0,0,1,0,0,0,0,1,1.0114132,-14.590081,138,2,1.1,0.9,24.42,-0.03,0,0
343,2.51,0,1,2.51,0.67,0,0,1,1.0113749,-14.594967,138,2,1.1,0.9,24.42,-0.03,0,0
344,2.43,0,1,2.43,0.65,0,0,1,1.0113746,-14.595149,138,2,1.1,0.9,24.42,-0.03,0,0
345,0,0,1,0,0,0,0,1,1.0019297,-14.969012,138,2,1.1,0.9,24.44,-0.01,0,0
346,47.58,0,1,47.58,12.69,0,0,1,1.0012603,-15.051568,138,2,1.1,0.9,24.44,-0.01,0,0
347,0,0,1,0,0,0,0,1,0.9876687,-15.370651,138,1,1.1,0.9,24.14,0,0,0
348,86.4,0,1,86.4,23.04,0,0,1,0.98643,-15.521285,138,1,1.1,0.9,24.14,0,0,0
349,0,0,1,0,0,0,0,1,1.0194335,-13.420251,138,2,1.1,0.9,24.42,-0.03,0,0
350,0,15,2,0,0,0,0,1,1.0238049,-12.839187,13.8,2,1.1,0.9,24.42,-0.03,0,0
351,0,6.2,2,0,0,0,0,1,1.0215057,-13.155003,13.8,2,1.1,0.9,24.42,-0.03,0,0
352,0,14.4,2,0,0,0,0,1,1.0237081,-12.859395,13.8,2,1.1,0.9,24.42,-0.03,0,0
353,0,74,2,0,0,0,0,1,1.0398268,-10.572718,13.8,2,1.1,0.9,24.42,-0.03,0,0
354,0,0,1,0,0,0,0,1,1.0221354,-9.207297,138,2,1.1,0.9,24.44,0,0,0
355,19.97,0,1,19.97,5.32,0,0,1,1.0218047,-9.246469,138,2,1.1,0.9,24.44,0,0,0
356,0,0,1,0,0,0,0,1,1.004616,-17.161342,138,1,1.1,0.9,24.5,-0.1,0,0
357,55.73,0,1,55.73,14.86,0,0,1,1.0038006,-17.265129,138,1,1.1,0.9,24.5,-0.1,0,0
358,0,0,1,0,0,0,0,1,1.002246,-17.846457,138,1,1.1,0.9,24.21,0,0,0
359,14.59,0,1,14.59,3.89,0,0,1,1.0020122,-17.874149,138,1,1.1,0.9,24.21,0,0,0
360,0,0,1,0,0,0,0,1,1.0019414,-12.69979,138,1,1.1,0.9,23.99,0.01,0,0
361,0,1.6,2,0,0,0,0,1,1.0019414,-12.69979,13.8,1,1.1,0.9,23.99,0.01,0,0
362,0,11,2,0,0,0,0,1,1.0019414,-12.69979,13.8,1,1.1,0.9,23.99,0.01,0,0
363,0,3.2,2,0,0,0,0,1,1.0019414,-12.69979,13.8,1,1.1,0.9,23.99,0.01,0,0
364,30.44,0,1,30.44,8.12,0,0,1,1.0014965,-12.759246,138,1,1.1,0.9,23.99,0.01,0,0
365,0,0,1,0,0,0,0,1,1.0079673,-14.199564,138,2,1.1,0.9,24.44,-0.01,0,0
366,56.49,0,1,56.49,15.06,0,0,1,1.007076,-14.319807,138,2,1.1,0.9,24.44,-0.01,0,0
367,0,0,1,0,0,0,0,1,1.0139301,-7.747489,138,1,1.1,0.9,24.13,0,0,0
368,11.45,0,1,11.45,3.05,0,0,1,1.0137749,-7.767132,138,1,1.1,0.9,24.13,0,0,0
369,0,0,1,0,0,0,0,1,1.0178,-6.555578,138,1,1.1,0.9,24.14,0,0,0
370,35.6,0,1,35.6,9.49,0,0,1,1.0173144,-6.612943,138,1,1.1,0.9,24.14,0,0,0
371,0,0,1,0,0,0,0,1,1.0281619,-8.594057,345,2,1.1,0.9,24.44,-0.01,0,0
372,0,0,1,0,0,0,0,1,1.0189188,-12.156325,138,2,1.1,0.9,24.42,-0.01,0,0
373,28.84,0,1,28.84,7.69,0,0,1,1.0185138,-12.204496,138,2,1.1,0.9,24.42,-0.01,0,0
374,0,0,1,0,0,0,0,1,1.0050895,-14.651216,138,2,1.1,0.9,24.44,-0.01,0,0
375,24.76,0,1,24.76,6.6,0,0,1,1.0047681,-14.691594,138,2,1.1,0.9,24.44,-0.01,0,0
376,0,0,1,0,0,0,0,1,1.0074299,-11.353657,138,1,1.1,0.9,23.91,0.02,0,0
377,90.39,0,1,90.39,24.1,0,0,1,1.0061712,-11.518213,138,1,1.1,0.9,23.91,0.02,0,0
378,0,0,1,0,0,0,0,1,1.0198953,-4.054195,138,1,1.1,0.9,24.61,-0.19,0,0
379,13.01,0,1,13.01,3.47,0,0,1,1.0196904,-4.080449,138,1,1.1,0.9,24.61,-0.19,0,0
380,0,0,1,0,0,0,0,1,1.0083401,-10.219292,138,1,1.1,0.9,25.63,-0.36,0,0
381,10.13,0,1,10.13,2.7,0,0,1,1.0081907,-10.238987,138,1,1.1,0.9,25.63,-0.36,0,0
382,0,0,1,0,0,0,0,1,1.0071327,-17.111746,138,1,1.1,0.9,24.63,-0.14,0,0
383,29.95,0,1,29.95,7.99,0,0,1,1.0066878,-17.169775,138,1,1.1,0.9,24.63,-0.14,0,0
384,0,0,1,0,0,0,0,1,0.9943399,-14.876752,138,1,1.1,0.9,24.22,0,0,0
385,36.62,0,1,36.62,9.77,0,0,1,0.9938205,-14.940378,138,1,1.1,0.9,24.22,0,0,0
386,0,0,1,0,0,0,0,1,1.0266234,-4.703693,345,1,1.1,0.9,24.13,0,0,0
387,0,0,1,0,0,0,0,1,1.0206034,-6.487292,138,1,1.1,0.9,24.14,0,0,0
388,0,10,2,0,0,0,0,1,1.0266234,-4.703693,13.8,1,1.1,0.9,24.13,0,0,0
389,0,173.33,2,0,0,0,0,1,1.0266234,-4.703693,13.8,1,1.1,0.9,24.13,0,0,0
390,0,173.33,2,0,0,0,0,1,1.0266234,-4.703693,13.8,1,1.1,0.9,24.13,0,0,0
391,0,173.33,2,0,0,0,0,1,1.0266234,-4.703693,13.8,1,1.1,0.9,24.13,0,0,0
392,0,116.4,2,0,0,0,0,1,1.0266234,-4.703693,13.8,1,1.1,0.9,24.13,0,0,0
393,0,116.4,2,0,0,0,0,1,1.0266234,-4.703693,13.8,1,1.1,0.9,24.13,0,0,0
394,0,116.4,2,0,0,0,0,1,1.0266234,-4.703693,13.8,1,1.1,0.9,24.13,0,0,0
395,0,116.4,2,0,0,0,0,1,1.0266234,-4.703693,13.8,1,1.1,0.9,24.13,0,0,0
396,0,116.4,2,0,0,0,0,1,1.0266234,-4.703693,13.8,1,1.1,0.9,24.13,0,0,0
397,39.95,0,1,39.95,10.65,0,0,1,1.0200567,-6.556841,138,1,1.1,0.9,24.14,0,0,0
398,16.77,0,1,16.77,4.47,0,0,1,1.0203535,-6.514238,138,1,1.1,0.9,24.14,0,0,0
399,0,0,1,0,0,0,0,1,1.0227196,-14.802415,138,2,1.1,0.9,24.34,0,0,0
400,23.03,0,1,23.03,6.14,0,0,1,1.0223247,-14.850123,138,2,1.1,0.9,24.34,0,0,0
401,0,0,1,0,0,0,0,1,1.0077629,1.960999,138,1,1.1,0.9,10.16,0.44,0,0
402,88.35,0,1,88.35,23.56,0,0,1,1.0064404,1.782537,138,1,1.1,0.9,10.15,0.44,0,0
403,0,0,1,0,0,0,0,1,1.0124364,-14.144706,138,1,1.1,0.9,24.42,-0.03,0,0
404,19.77,0,1,19.77,5.27,0,0,1,1.0121354,-14.181207,138,1,1.1,0.9,24.42,-0.03,0,0
405,0,0,1,0,0,0,0,1,1.0044697,-5.351052,138,1,1.1,0.9,33.28,-2.17,0,0
406,5.25,0,1,5.25,1.4,0,0,1,1.0043897,-5.361176,138,1,1.1,0.9,33.28,-2.17,0,0
407,0,0,1,0,0,0,0,1,1.0342597,-11.148168,345,2,1.1,0.9,24.34,0,0,0
408,0,0,1,0,0,0,0,1,1.0278065,-13.272779,138,2,1.1,0.9,24.34,0,0,0
409,0,100,2,0,0,0,0,1,1.0342597,-11.148168,13.8,2,1.1,0.9,24.34,0,0,0
410,0,136.95,2,0,0,0,0,1,1.04,-9.40699,13.8,2,1.1,0.9,24.34,0,0,0
411,0,136.95,2,0,0,0,0,1,1.04,-10.156419,13.8,2,1.1,0.9,24.34,0,0,0
412,0,136.95,2,0,0,0,0,1,1.04,-10.01105,13.8,2,1.1,0.9,24.34,0,0,0
413,0,136.95,2,0,0,0,0,1,1.04,-9.856958,13.8,2,1.1,0.9,24.34,0,0,0
414,0,111.1,2,0,0,0,0,1,1.0342597,-11.148168,13.8,2,1.1,0.9,24.34,0,0,0
415,0,0,1,0,0,0,0,1,1.0093871,-13.550956,138,2,1.1,0.9,24.44,-0.01,0,0
416,6.06,0,1,6.06,1.62,0,0,1,1.0092938,-13.563546,138,2,1.1,0.9,24.44,-0.01,0,0
417,0,0,1,0,0,0,110,1,0.9978471,-14.070378,138,1,1.1,0.9,24.07,0,0,0
418,63.62,0,1,63.62,16.96,0,0,1,0.9968329,-14.192912,138,1,1.1,0.9,24.07,0,0,0
419,0,0,1,0,0,0,0,1,1.0018826,-17.178317,138,1,1.1,0.9,24.25,0,0,0
420,5.23,0,1,5.23,1.39,0,0,1,1.0018009,-17.189065,138,1,1.1,0.9,24.25,0,0,0
421,0,0,1,0,0,0,0,1,1.0132885,-10.584299,138,2,1.1,0.9,24.44,-0.01,0,0
422,49.18,0,1,49.18,13.11,0,0,1,1.0125802,-10.664988,138,2,1.1,0.9,24.44,-0.01,0,0
423,0,0,1,0,0,0,0,1,0.9970991,1.131359,138,1,1.1,0.9,4.94,-0.61,0,0
424,157.1,0,1,157.1,41.89,0,0,1,0.9943752,0.797135,138,1,1.1,0.9,4.89,-0.62,0,0
425,0,0,1,0,0,0,0,1,1.0176383,-10.652534,345,1,1.1,0.9,24.31,-0.01,0,0
426,0,0,1,0,0,0,50,1,1.0124489,-13.022588,138,1,1.1,0.9,24.43,-0.04,0,0
427,14.43,0,1,14.43,3.85,0,0,1,1.0122373,-13.045554,138,1,1.1,0.9,24.43,-0.04,0,0
428,0,0,1,0,0,0,0,1,1.0309744,-7.56871,345,1,1.1,0.9,23.84,0.01,0,0
429,0,0,1,0,0,0,0,1,1.0205632,-9.431673,138,1,1.1,0.9,23.87,0.02,0,0
430,0,1,2,0,0,0,0,1,1.0312223,-7.534706,13.8,1,1.1,0.9,23.84,0.01,0,0
431,0,3.3,2,0,0,0,0,1,1.0314335,-7.504134,13.8,1,1.1,0.9,23.84,0.01,0,0
432,0,1.2,2,0,0,0,0,1,1.0311189,-7.548232,13.8,1,1.1,0.9,23.84,0.01,0,0
433,0,6.7,2,0,0,0,0,1,1.0332749,-7.241961,13.8,1,1.1,0.9,23.84,0.01,0,0
434,0,4.3,2,0,0,0,0,1,1.031349,-7.516518,13.8,1,1.1,0.9,23.84,0.01,0,0
435,0,197,2,0,0,0,0,1,1.0309744,-7.56871,13.8,1,1.1,0.9,23.84,0.01,0,0
436,0,197,2,0,0,0,0,1,1.0309744,-7.56871,13.8,1,1.1,0.9,23.84,0.01,0,0
437,0,197,2,0,0,0,0,1,1.04,-5.631093,13.8,1,1.1,0.9,23.84,0,0,0
438,0,197,2,0,0,0,0,1,1.04,-5.134839,13.8,1,1.1,0.9,23.84,0,0,0
439,0,197,2,0,0,0,0,1,1.04,-6.044207,13.8,1,1.1,0.9,23.84,0,0,0
440,0,0,1,0,0,0,0,1,1.0149932,-9.023339,345,1,1.1,0.9,24.22,0,0,0
441,0,0,1,0,0,0,0,1,0.9990712,-13.218042,138,1,1.1,0.9,24.24,-0.01,0,0
442,0,108,2,0,0,0,0,1,1.0149932,-9.023339,13.8,1,1.1,0.9,24.22,0,0,0
443,0,175,2,0,0,0,0,1,1.0149932,-9.023339,13.8,1,1.1,0.9,24.22,0,0,0
444,0,3.3,2,0,0,0,0,1,1.0149932,-9.023339,13.8,1,1.1,0.9,24.22,0,0,0
445,0,0,1,0,0,0,40,1,1.0071802,-10.692147,138,1,1.1,0.9,24.13,0,0,0
446,88.68,0,1,88.68,23.65,0,0,1,1.0057342,-10.862588,138,1,1.1,0.9,24.13,0,0,0
447,0,0,1,0,0,0,0,1,1.0100782,-10.41269,138,1,1.1,0.9,25.59,-0.36,0,0
448,57.56,0,1,57.56,15.35,0,0,1,1.0091621,-10.532009,138,1,1.1,0.9,25.59,-0.36,0,0
449,0,0,1,0,0,0,0,1,1.0117968,-10.664189,138,1,1.1,0.9,23.9,0.01,0,0
450,1.12,0,1,1.12,0.3,0,0,1,1.0117812,-10.666191,138,1,1.1,0.9,23.9,0.01,0,0
451,2.21,0,1,2.21,0.59,0,0,1,1.0117667,-10.667967,138,1,1.1,0.9,23.9,0.01,0,0
452,11.16,0,1,11.16,2.98,0,0,1,1.0165089,1.254051,138,1,1.1,0.9,15.71,0.62,0,0
453,0,0,1,0,0,0,0,1,1.0311028,-8.886162,345,2,1.1,0.9,24.44,-0.01,0,0
454,0,0,1,0,0,0,0,1,1.014943,-13.155392,138,2,1.1,0.9,24.44,-0.01,0,0
455,0,222.83,2,0,0,0,0,1,1.04,-8.316798,13.8,2,1.1,0.9,24.44,0,0,0
456,0,445.67,2,0,0,0,0,1,1.04,-7.69898,13.8,2,1.1,0.9,24.44,0,0,0
457,0,0,1,0,0,0,0,1,1.0216935,-9.29572,138,2,1.1,0.9,24.44,0,0,0
458,0,109.6,2,0,0,0,0,1,1.0209086,-4.946015,13.8,2,1.1,0.9,24.44,0,0,0
459,74.47,0,1,74.47,19.86,0,0,1,1.0092915,4.724765,138,1,1.1,0.9,7.54,-0.24,0,0
460,26.34,0,1,26.34,7.02,0,0,1,1.0040172,-11.735955,138,1,1.1,0.9,23.94,0.01,0,0
461,91.72,0,1,91.72,24.46,0,0,1,1.0023564,-10.684292,138,1,1.1,0.9,24.13,0,0,0
462,0,0,1,0,0,0,0,1,1.0187098,-10.043067,138,1,1.1,0.9,24.4,-0.07,0,0
463,0,7.2,2,0,0,0,0,1,1.0187098,-10.043067,13.8,1,1.1,0.9,24.4,-0.07,0,0
464,0,0,1,0,0,0,0,1,1.028482,-7.837284,345,1,1.1,0.9,23.94,0,0,0
465,12.52,0,1,12.52,3.34,0,0,1,1.023525,-9.037342,138,1,1.1,0.9,24.12,-0.01,0,0
466,43.34,0,1,43.34,11.56,0,0,1,1.0186966,-9.708534,138,1,1.1,0.9,23.87,0.02,0,0
467,0.81,0,1,0.81,0.22,0,0,1,1.014575,-7.869875,138,1,1.1,0.9,24.14,0,0,0
468,3.76,0,1,3.76,1,0,0,1,1.0037409,-10.647447,138,1,1.1,0.9,24.09,0,0,0
469,128.53,0,1,128.53,34.28,0,0,1,0.9913577,-14.32762,138,1,1.1,0.9,23.99,0.01,0,0
470,42.56,0,1,42.56,11.35,0,0,1,1.0158225,-7.464265,138,1,1.1,0.9,24.14,0,0,0
471,0,0,1,0,0,0,0,1,1.0293341,-7.522043,345,1,1.1,0.9,23.92,0.01,0,0
472,49.71,0,1,49.71,13.26,0,0,1,1.0219185,-9.072413,138,1,1.1,0.9,23.95,0.01,0,0
473,1,0,1,1,0.27,0,0,1,1.0163337,-7.004659,138,1,1.1,0.9,24.14,0,0,0
474,167.22,0,1,167.22,44.59,0,0,1,0.9844776,-14.668767,138,1,1.1,0.9,24.08,0,0,0
475,0.16,0,1,0.16,0.04,0,0,1,1.0165032,-7.956363,138,2,1.1,0.9,25.08,-0.2,0,0
476,59.86,0,1,59.86,15.96,0,0,1,1.0169559,-13.407146,138,2,1.1,0.9,24.44,-0.01,0,0
477,31.33,0,1,31.33,8.35,0,0,1,1.0113153,-11.599347,138,1,1.1,0.9,24.84,-0.18,0,0
478,9.16,0,1,9.16,2.44,0,0,1,1.015542,-6.637314,138,1,1.1,0.9,28.63,-1.09,0,0
479,0,0,1,0,0,0,0,1,1.0334153,-7.521542,138,2,1.1,0.9,24.44,0,0,0
480,0,56,2,0,0,0,0,1,1.04,-5.651627,13.8,2,1.1,0.9,24.44,0,0,0
481,0,45,2,0,0,0,0,1,1.04,-6.207739,13.8,2,1.1,0.9,24.44,0,0,0
482,0,45,2,0,0,0,0,1,1.0391502,-6.768881,13.8,2,1.1,0.9,24.44,0,0,0
483,0,24,2,0,0,0,0,1,1.04,-6.244836,13.8,2,1.1,0.9,24.44,0,0,0
484,0,28,2,0,0,0,0,1,1.0393831,-6.71006,13.8,2,1.1,0.9,24.44,0,0,0
485,27.88,0,1,27.88,7.43,0,0,1,1.01206,-13.993949,138,2,1.1,0.9,24.44,-0.01,0,0
486,68.54,0,1,68.54,18.28,0,0,1,1.0151223,-13.130199,138,2,1.1,0.9,24.44,-0.01,0,0
487,11.67,0,1,11.67,3.11,0,0,1,1.009396,-16.501663,138,1,1.1,0.9,24.19,0,0,0
488,97.9,0,1,97.9,26.11,0,0,1,0.9922874,-13.986015,138,1,1.1,0.9,23.91,0.01,0,0
489,3.68,0,1,3.68,0.98,0,0,1,1.0202077,-13.841817,138,2,1.1,0.9,24.32,0,0,0
490,29.81,0,1,29.81,7.95,0,0,1,0.9978405,-14.657483,138,1,1.1,0.9,24.36,-0.03,0,0
491,119.53,0,1,119.53,31.87,0,50,1,1.0166852,-15.052744,138,2,1.1,0.9,24.44,-0.01,0,0
492,59.54,0,1,59.54,15.88,0,0,1,1.0039171,-6.026577,138,1,1.1,0.9,30.28,-1.47,0,0
493,4.05,0,1,4.05,1.08,0,0,1,1.0137292,-8.72548,138,1,1.1,0.9,25.89,-0.4,0,0
494,0,5.8,2,0,0,0,0,1,1.0137292,-8.72548,13.8,1,1.1,0.9,25.89,-0.4,0,0
495,75.17,0,1,75.17,20.05,0,0,1,1.0092486,-11.042696,138,1,1.1,0.9,23.91,0.01,0,0
496,0,0,1,0,0,0,0,1,1.0125171,4.990209,138,1,1.1,0.9,7.29,-0.29,0,0
497,0,60,2,0,0,0,0,1,1.0271946,7.110603,13.8,1,1.1,0.9,7.34,-0.27,0,0
498,0,18,2,0,0,0,0,1,1.0209749,6.147677,13.8,1,1.1,0.9,7.32,-0.28,0,0
499,122.33,0,1,122.33,32.62,0,0,1,1.0034375,-15.286762,138,2,1.1,0.9,24.42,-0.01,0,0
500,23.43,0,1,23.43,6.25,0,0,1,1.0168639,-13.971591,138,2,1.1,0.9,24.31,-0.01,0,0
